year,match,home,OTHER,goal_difference,half_time_goal_difference,L_goals,O_goals,L_half_time_goals,O_half_time_goals,L_shots,O_shots,L_shots_on_target,O_shots_on_target,L_corners,O_corners,L_fouls_committed,O_fouls_committed,L_yellow_cards,O_yellow_cards,L_red_cards,O_red_cards,points
19-20,1,1,Norwich,3.0,4.0,4.0,1.0,4.0,0.0,15.0,12.0,7.0,5.0,11.0,2.0,9.0,9.0,0.0,2.0,0.0,0.0,3.0
19-20,2,0,Southampton,1.0,1.0,2.0,1.0,1.0,0.0,15.0,14.0,6.0,3.0,9.0,5.0,6.0,10.0,1.0,2.0,0.0,0.0,6.0
19-20,3,1,Arsenal,2.0,1.0,3.0,1.0,1.0,0.0,25.0,9.0,5.0,3.0,6.0,4.0,8.0,5.0,1.0,1.0,0.0,0.0,9.0
19-20,4,0,Burnley,3.0,2.0,3.0,0.0,2.0,0.0,15.0,7.0,7.0,2.0,4.0,6.0,16.0,10.0,0.0,0.0,0.0,0.0,12.0
19-20,5,1,Newcastle,2.0,1.0,3.0,1.0,2.0,1.0,21.0,8.0,9.0,1.0,10.0,1.0,5.0,4.0,0.0,0.0,0.0,0.0,15.0
19-20,6,0,Chelsea,1.0,2.0,2.0,1.0,2.0,0.0,6.0,13.0,3.0,2.0,4.0,6.0,13.0,8.0,3.0,3.0,0.0,0.0,18.0
19-20,7,0,Sheffield United,1.0,0.0,1.0,0.0,0.0,0.0,16.0,12.0,4.0,2.0,5.0,6.0,4.0,8.0,1.0,1.0,0.0,0.0,21.0
19-20,8,1,Leicester,1.0,1.0,2.0,1.0,1.0,0.0,18.0,2.0,8.0,1.0,4.0,6.0,9.0,17.0,1.0,4.0,0.0,0.0,24.0
19-20,9,0,Man United,0.0,-1.0,1.0,1.0,0.0,1.0,10.0,7.0,4.0,2.0,1.0,3.0,14.0,6.0,1.0,0.0,0.0,0.0,25.0
19-20,10,1,Tottenham,1.0,-1.0,2.0,1.0,0.0,1.0,21.0,11.0,13.0,4.0,8.0,3.0,9.0,11.0,3.0,3.0,0.0,0.0,28.0
19-20,11,0,Aston Villa,1.0,-1.0,2.0,1.0,0.0,1.0,25.0,5.0,6.0,2.0,10.0,2.0,9.0,12.0,2.0,1.0,0.0,0.0,31.0
19-20,12,1,Man City,2.0,2.0,3.0,1.0,2.0,0.0,12.0,18.0,5.0,3.0,4.0,13.0,10.0,5.0,0.0,2.0,0.0,0.0,34.0
19-20,13,0,Crystal Palace,1.0,0.0,2.0,1.0,0.0,0.0,12.0,16.0,4.0,6.0,8.0,9.0,7.0,8.0,1.0,0.0,0.0,0.0,37.0
19-20,14,1,Brighton,1.0,2.0,2.0,1.0,2.0,0.0,15.0,12.0,7.0,5.0,4.0,5.0,3.0,10.0,0.0,0.0,1.0,0.0,40.0
19-20,15,1,Everton,3.0,2.0,5.0,2.0,4.0,2.0,11.0,12.0,5.0,4.0,5.0,6.0,13.0,17.0,1.0,2.0,0.0,0.0,43.0
19-20,16,0,Bournemouth,3.0,2.0,3.0,0.0,2.0,0.0,21.0,3.0,9.0,0.0,3.0,1.0,6.0,5.0,1.0,0.0,0.0,0.0,46.0
19-20,17,1,Watford,2.0,1.0,2.0,0.0,1.0,0.0,16.0,8.0,6.0,2.0,6.0,3.0,8.0,6.0,2.0,1.0,0.0,0.0,49.0
19-20,18,0,Leicester,4.0,1.0,4.0,0.0,1.0,0.0,15.0,3.0,6.0,0.0,8.0,2.0,7.0,5.0,1.0,1.0,0.0,0.0,52.0
19-20,19,1,Wolves,1.0,1.0,1.0,0.0,1.0,0.0,10.0,10.0,3.0,2.0,5.0,6.0,7.0,3.0,1.0,0.0,0.0,0.0,55.0
19-20,20,1,Sheffield United,2.0,1.0,2.0,0.0,1.0,0.0,19.0,3.0,7.0,2.0,8.0,4.0,5.0,8.0,0.0,0.0,0.0,0.0,58.0
18-19,1,1,West Ham,4.0,2.0,4.0,0.0,2.0,0.0,18.0,5.0,8.0,2.0,5.0,4.0,14.0,9.0,1.0,2.0,0.0,0.0,3.0
18-19,2,0,Crystal Palace,2.0,1.0,2.0,0.0,1.0,0.0,16.0,8.0,6.0,2.0,7.0,6.0,13.0,6.0,1.0,1.0,0.0,1.0,6.0
18-19,3,1,Brighton,1.0,1.0,1.0,0.0,1.0,0.0,22.0,6.0,8.0,2.0,8.0,5.0,8.0,14.0,1.0,1.0,0.0,0.0,9.0
18-19,4,0,Leicester,1.0,2.0,2.0,1.0,2.0,0.0,10.0,12.0,4.0,5.0,4.0,4.0,12.0,9.0,2.0,3.0,0.0,0.0,12.0
18-19,5,0,Tottenham,1.0,1.0,2.0,1.0,1.0,0.0,17.0,11.0,10.0,3.0,4.0,5.0,16.0,17.0,0.0,0.0,0.0,0.0,15.0
18-19,6,1,Southampton,3.0,3.0,3.0,0.0,3.0,0.0,12.0,7.0,4.0,1.0,5.0,4.0,7.0,10.0,0.0,2.0,0.0,0.0,18.0
18-19,7,0,Chelsea,0.0,-1.0,1.0,1.0,0.0,1.0,13.0,10.0,6.0,4.0,4.0,4.0,9.0,7.0,2.0,0.0,0.0,0.0,19.0
18-19,8,1,Man City,0.0,0.0,0.0,0.0,0.0,0.0,7.0,6.0,2.0,2.0,2.0,6.0,10.0,10.0,1.0,3.0,0.0,0.0,20.0
18-19,9,0,Huddersfield,1.0,1.0,1.0,0.0,1.0,0.0,11.0,13.0,2.0,1.0,4.0,2.0,6.0,9.0,2.0,0.0,0.0,0.0,23.0
18-19,10,1,Cardiff,3.0,1.0,4.0,1.0,1.0,0.0,19.0,2.0,7.0,1.0,8.0,0.0,6.0,4.0,0.0,0.0,0.0,0.0,26.0
18-19,11,0,Arsenal,0.0,0.0,1.0,1.0,0.0,0.0,13.0,12.0,4.0,4.0,8.0,5.0,7.0,7.0,1.0,1.0,0.0,0.0,27.0
18-19,12,1,Fulham,2.0,1.0,2.0,0.0,1.0,0.0,20.0,8.0,7.0,3.0,6.0,3.0,11.0,9.0,1.0,1.0,0.0,0.0,30.0
18-19,13,0,Watford,3.0,0.0,3.0,0.0,0.0,0.0,10.0,5.0,7.0,1.0,5.0,5.0,13.0,12.0,0.0,0.0,1.0,0.0,33.0
18-19,14,1,Everton,1.0,0.0,1.0,0.0,0.0,0.0,16.0,9.0,3.0,3.0,8.0,1.0,12.0,7.0,3.0,2.0,0.0,0.0,36.0
18-19,15,0,Burnley,2.0,0.0,3.0,1.0,0.0,0.0,18.0,10.0,12.0,6.0,9.0,5.0,3.0,10.0,0.0,1.0,0.0,0.0,39.0
18-19,16,0,Bournemouth,4.0,1.0,4.0,0.0,1.0,0.0,10.0,8.0,4.0,2.0,6.0,6.0,11.0,9.0,1.0,2.0,0.0,0.0,42.0
18-19,17,1,Man United,2.0,0.0,3.0,1.0,1.0,1.0,36.0,6.0,11.0,2.0,13.0,2.0,6.0,14.0,0.0,2.0,0.0,0.0,45.0
18-19,18,0,Wolves,2.0,1.0,2.0,0.0,1.0,0.0,15.0,11.0,6.0,5.0,10.0,1.0,3.0,7.0,0.0,0.0,0.0,0.0,48.0
18-19,19,1,Newcastle,4.0,1.0,4.0,0.0,1.0,0.0,16.0,6.0,8.0,2.0,10.0,2.0,7.0,9.0,0.0,0.0,0.0,0.0,51.0
18-19,20,1,Arsenal,4.0,3.0,5.0,1.0,4.0,1.0,15.0,8.0,10.0,2.0,5.0,3.0,8.0,13.0,1.0,2.0,0.0,0.0,54.0
18-19,21,0,Man City,-1.0,-1.0,1.0,2.0,0.0,1.0,7.0,9.0,5.0,4.0,1.0,2.0,7.0,12.0,2.0,4.0,0.0,0.0,54.0
18-19,22,0,Brighton,1.0,0.0,1.0,0.0,0.0,0.0,10.0,7.0,3.0,0.0,7.0,2.0,5.0,15.0,0.0,0.0,0.0,0.0,57.0
18-19,23,1,Crystal Palace,1.0,-1.0,4.0,3.0,0.0,1.0,19.0,9.0,9.0,3.0,8.0,3.0,6.0,8.0,0.0,1.0,1.0,0.0,60.0
18-19,24,1,Leicester,0.0,0.0,1.0,1.0,1.0,1.0,10.0,5.0,3.0,2.0,7.0,1.0,13.0,6.0,1.0,3.0,0.0,0.0,61.0
18-19,25,0,West Ham,0.0,0.0,1.0,1.0,1.0,1.0,11.0,13.0,6.0,2.0,5.0,2.0,11.0,9.0,1.0,1.0,0.0,0.0,62.0
18-19,26,1,Bournemouth,3.0,2.0,3.0,0.0,2.0,0.0,20.0,12.0,9.0,2.0,8.0,5.0,14.0,6.0,2.0,2.0,0.0,0.0,65.0
18-19,27,0,Man United,0.0,0.0,0.0,0.0,0.0,0.0,7.0,6.0,1.0,3.0,7.0,3.0,17.0,15.0,3.0,1.0,0.0,0.0,66.0
18-19,28,1,Watford,5.0,2.0,5.0,0.0,2.0,0.0,19.0,5.0,10.0,3.0,6.0,4.0,5.0,7.0,0.0,2.0,0.0,0.0,69.0
18-19,29,0,Everton,0.0,0.0,0.0,0.0,0.0,0.0,10.0,7.0,3.0,3.0,7.0,3.0,10.0,12.0,2.0,1.0,0.0,0.0,70.0
18-19,30,1,Burnley,2.0,1.0,4.0,2.0,2.0,1.0,23.0,3.0,5.0,2.0,7.0,3.0,4.0,7.0,2.0,0.0,0.0,0.0,73.0
18-19,31,0,Fulham,1.0,1.0,2.0,1.0,1.0,0.0,16.0,7.0,6.0,2.0,10.0,1.0,7.0,11.0,1.0,2.0,0.0,0.0,76.0
18-19,32,1,Tottenham,1.0,1.0,2.0,1.0,1.0,0.0,14.0,11.0,3.0,2.0,10.0,3.0,5.0,8.0,0.0,1.0,0.0,0.0,79.0
18-19,33,0,Southampton,2.0,0.0,3.0,1.0,1.0,1.0,17.0,11.0,5.0,1.0,5.0,7.0,7.0,8.0,4.0,2.0,0.0,0.0,82.0
18-19,34,1,Chelsea,2.0,0.0,2.0,0.0,0.0,0.0,15.0,6.0,7.0,3.0,9.0,2.0,5.0,9.0,0.0,1.0,0.0,0.0,85.0
18-19,35,0,Cardiff,2.0,0.0,2.0,0.0,0.0,0.0,17.0,7.0,6.0,2.0,10.0,5.0,5.0,6.0,1.0,1.0,0.0,0.0,88.0
18-19,36,1,Huddersfield,5.0,3.0,5.0,0.0,3.0,0.0,21.0,5.0,7.0,1.0,4.0,4.0,5.0,14.0,0.0,0.0,0.0,0.0,91.0
18-19,37,0,Newcastle,1.0,1.0,3.0,2.0,2.0,1.0,11.0,14.0,4.0,7.0,3.0,2.0,4.0,10.0,1.0,1.0,0.0,0.0,94.0
18-19,38,1,Wolves,2.0,1.0,2.0,0.0,1.0,0.0,13.0,7.0,5.0,2.0,4.0,1.0,3.0,11.0,0.0,2.0,0.0,0.0,97.0
17-18,1,0,Watford,0.0,-1.0,3.0,3.0,1.0,2.0,14.0,9.0,5.0,4.0,3.0,3.0,8.0,14.0,3.0,0.0,0.0,0.0,1.0
17-18,2,1,Crystal Palace,1.0,0.0,1.0,0.0,0.0,0.0,23.0,4.0,13.0,1.0,4.0,2.0,12.0,13.0,1.0,3.0,0.0,0.0,4.0
17-18,3,1,Arsenal,4.0,2.0,4.0,0.0,2.0,0.0,18.0,8.0,10.0,0.0,4.0,3.0,6.0,9.0,2.0,4.0,0.0,0.0,7.0
17-18,4,0,Man City,-5.0,-2.0,0.0,5.0,0.0,2.0,10.0,13.0,3.0,7.0,3.0,8.0,9.0,10.0,2.0,2.0,1.0,0.0,7.0
17-18,5,1,Burnley,0.0,0.0,1.0,1.0,1.0,1.0,35.0,5.0,9.0,4.0,12.0,2.0,7.0,9.0,1.0,2.0,0.0,0.0,8.0
17-18,6,0,Leicester,1.0,1.0,3.0,2.0,2.0,1.0,23.0,12.0,6.0,7.0,6.0,3.0,14.0,13.0,3.0,3.0,0.0,0.0,11.0
17-18,7,0,Newcastle,0.0,0.0,1.0,1.0,1.0,1.0,17.0,8.0,2.0,5.0,5.0,1.0,6.0,11.0,1.0,1.0,0.0,0.0,12.0
17-18,8,1,Man United,0.0,0.0,0.0,0.0,0.0,0.0,19.0,6.0,5.0,1.0,7.0,3.0,7.0,13.0,0.0,2.0,0.0,0.0,13.0
17-18,9,0,Tottenham,-3.0,-2.0,1.0,4.0,1.0,3.0,12.0,14.0,7.0,6.0,5.0,3.0,8.0,2.0,1.0,0.0,0.0,0.0,13.0
17-18,10,1,Huddersfield,3.0,0.0,3.0,0.0,0.0,0.0,16.0,1.0,8.0,0.0,9.0,2.0,10.0,8.0,0.0,1.0,0.0,0.0,16.0
17-18,11,0,West Ham,3.0,2.0,4.0,1.0,2.0,0.0,15.0,6.0,7.0,1.0,3.0,2.0,13.0,9.0,0.0,3.0,0.0,0.0,19.0
17-18,12,1,Southampton,3.0,2.0,3.0,0.0,2.0,0.0,21.0,5.0,8.0,0.0,10.0,2.0,15.0,9.0,1.0,1.0,0.0,0.0,22.0
17-18,13,1,Chelsea,0.0,0.0,1.0,1.0,0.0,0.0,16.0,11.0,4.0,3.0,7.0,8.0,10.0,7.0,0.0,0.0,0.0,0.0,23.0
17-18,14,0,Stoke,3.0,1.0,3.0,0.0,1.0,0.0,14.0,10.0,7.0,1.0,9.0,5.0,10.0,8.0,5.0,1.0,0.0,0.0,26.0
17-18,15,0,Brighton,4.0,2.0,5.0,1.0,2.0,0.0,12.0,6.0,6.0,2.0,2.0,2.0,7.0,8.0,0.0,1.0,0.0,0.0,29.0
17-18,16,1,Everton,0.0,1.0,1.0,1.0,1.0,0.0,23.0,3.0,3.0,2.0,12.0,1.0,8.0,11.0,1.0,3.0,0.0,0.0,30.0
17-18,17,1,West Brom,0.0,0.0,0.0,0.0,0.0,0.0,14.0,6.0,5.0,1.0,5.0,7.0,16.0,6.0,1.0,0.0,0.0,0.0,31.0
17-18,18,0,Bournemouth,4.0,3.0,4.0,0.0,3.0,0.0,21.0,6.0,7.0,2.0,3.0,2.0,10.0,5.0,1.0,1.0,0.0,0.0,34.0
17-18,19,0,Arsenal,0.0,1.0,3.0,3.0,1.0,0.0,14.0,11.0,9.0,4.0,8.0,7.0,11.0,9.0,0.0,1.0,0.0,0.0,35.0
17-18,20,1,Swansea,5.0,1.0,5.0,0.0,1.0,0.0,22.0,7.0,9.0,4.0,4.0,2.0,5.0,8.0,0.0,1.0,0.0,0.0,38.0
17-18,21,1,Leicester,1.0,-1.0,2.0,1.0,0.0,1.0,17.0,7.0,6.0,1.0,7.0,1.0,7.0,3.0,3.0,2.0,0.0,0.0,41.0
17-18,22,0,Burnley,1.0,0.0,2.0,1.0,0.0,0.0,19.0,13.0,5.0,4.0,9.0,3.0,12.0,4.0,0.0,0.0,0.0,0.0,44.0
17-18,23,1,Man City,1.0,0.0,4.0,3.0,1.0,1.0,16.0,11.0,7.0,4.0,5.0,6.0,10.0,7.0,2.0,3.0,0.0,0.0,47.0
17-18,24,0,Swansea,-1.0,-1.0,0.0,1.0,0.0,1.0,21.0,3.0,4.0,2.0,9.0,3.0,9.0,5.0,2.0,0.0,0.0,0.0,47.0
17-18,25,0,Huddersfield,3.0,2.0,3.0,0.0,2.0,0.0,14.0,5.0,7.0,1.0,4.0,1.0,8.0,8.0,0.0,0.0,0.0,0.0,50.0
17-18,26,1,Tottenham,0.0,1.0,2.0,2.0,1.0,0.0,9.0,13.0,3.0,6.0,3.0,7.0,15.0,9.0,3.0,1.0,0.0,0.0,51.0
17-18,27,0,Southampton,2.0,2.0,2.0,0.0,2.0,0.0,16.0,6.0,4.0,4.0,1.0,3.0,8.0,5.0,2.0,1.0,0.0,0.0,54.0
17-18,28,1,West Ham,3.0,1.0,4.0,1.0,1.0,0.0,21.0,7.0,12.0,4.0,8.0,2.0,7.0,7.0,0.0,2.0,0.0,0.0,57.0
17-18,29,1,Newcastle,2.0,1.0,2.0,0.0,1.0,0.0,14.0,7.0,3.0,2.0,8.0,3.0,7.0,9.0,0.0,0.0,0.0,0.0,60.0
17-18,30,0,Man United,-1.0,-2.0,1.0,2.0,0.0,2.0,14.0,5.0,2.0,2.0,13.0,1.0,16.0,10.0,1.0,2.0,0.0,0.0,60.0
17-18,31,1,Watford,5.0,2.0,5.0,0.0,2.0,0.0,13.0,4.0,10.0,1.0,6.0,1.0,5.0,4.0,1.0,0.0,0.0,0.0,63.0
17-18,32,0,Crystal Palace,1.0,-1.0,2.0,1.0,0.0,1.0,16.0,6.0,6.0,3.0,6.0,4.0,8.0,6.0,2.0,2.0,0.0,0.0,66.0
17-18,33,0,Everton,0.0,0.0,0.0,0.0,0.0,0.0,10.0,6.0,3.0,1.0,2.0,3.0,7.0,12.0,0.0,0.0,0.0,0.0,67.0
17-18,34,1,Bournemouth,3.0,1.0,3.0,0.0,1.0,0.0,20.0,6.0,7.0,1.0,7.0,5.0,9.0,9.0,1.0,1.0,0.0,0.0,70.0
17-18,35,0,West Brom,0.0,1.0,2.0,2.0,1.0,0.0,9.0,13.0,3.0,6.0,4.0,7.0,5.0,12.0,1.0,0.0,0.0,0.0,71.0
17-18,36,1,Stoke,0.0,0.0,0.0,0.0,0.0,0.0,20.0,5.0,2.0,1.0,9.0,2.0,7.0,14.0,1.0,2.0,0.0,0.0,72.0
17-18,37,0,Chelsea,-1.0,-1.0,0.0,1.0,0.0,1.0,10.0,12.0,5.0,4.0,1.0,3.0,9.0,12.0,2.0,3.0,0.0,0.0,72.0
17-18,38,1,Brighton,4.0,2.0,4.0,0.0,2.0,0.0,22.0,2.0,11.0,1.0,7.0,3.0,3.0,6.0,0.0,0.0,0.0,0.0,75.0
16-17,1,0,Arsenal,1.0,0.0,4.0,3.0,1.0,1.0,16.0,9.0,7.0,5.0,4.0,5.0,17.0,13.0,3.0,3.0,0.0,0.0,3.0
16-17,2,0,Burnley,-2.0,-2.0,0.0,2.0,0.0,2.0,26.0,3.0,5.0,2.0,12.0,1.0,5.0,14.0,1.0,0.0,0.0,0.0,3.0
16-17,3,0,Tottenham,0.0,1.0,1.0,1.0,1.0,0.0,13.0,11.0,3.0,4.0,5.0,5.0,17.0,11.0,5.0,3.0,0.0,0.0,4.0
16-17,4,1,Leicester,3.0,1.0,4.0,1.0,2.0,1.0,17.0,12.0,11.0,3.0,1.0,7.0,4.0,8.0,1.0,2.0,0.0,0.0,7.0
16-17,5,0,Chelsea,1.0,2.0,2.0,1.0,2.0,0.0,13.0,12.0,5.0,4.0,4.0,6.0,13.0,6.0,1.0,1.0,0.0,0.0,10.0
16-17,6,1,Hull,4.0,3.0,5.0,1.0,3.0,0.0,32.0,2.0,12.0,1.0,13.0,2.0,8.0,8.0,1.0,2.0,0.0,1.0,13.0
16-17,7,0,Swansea,1.0,-1.0,2.0,1.0,0.0,1.0,18.0,8.0,6.0,3.0,10.0,3.0,9.0,11.0,2.0,2.0,0.0,0.0,16.0
16-17,8,1,Man United,0.0,0.0,0.0,0.0,0.0,0.0,9.0,7.0,3.0,1.0,3.0,1.0,14.0,20.0,0.0,4.0,0.0,0.0,17.0
16-17,9,1,West Brom,1.0,2.0,2.0,1.0,2.0,0.0,21.0,6.0,7.0,1.0,3.0,2.0,9.0,13.0,1.0,3.0,0.0,0.0,20.0
16-17,10,0,Crystal Palace,2.0,1.0,4.0,2.0,3.0,2.0,17.0,7.0,10.0,6.0,3.0,3.0,5.0,15.0,2.0,1.0,0.0,0.0,23.0
16-17,11,1,Watford,5.0,3.0,6.0,1.0,3.0,0.0,28.0,11.0,17.0,8.0,6.0,3.0,14.0,10.0,1.0,2.0,0.0,0.0,26.0
16-17,12,0,Southampton,0.0,0.0,0.0,0.0,0.0,0.0,15.0,3.0,2.0,0.0,8.0,1.0,11.0,8.0,1.0,1.0,0.0,0.0,27.0
16-17,13,1,Sunderland,2.0,0.0,2.0,0.0,0.0,0.0,27.0,6.0,7.0,1.0,9.0,4.0,5.0,9.0,1.0,3.0,0.0,0.0,30.0
16-17,14,0,Bournemouth,-1.0,2.0,3.0,4.0,2.0,0.0,10.0,12.0,3.0,8.0,9.0,4.0,17.0,9.0,2.0,2.0,0.0,0.0,30.0
16-17,15,1,West Ham,0.0,-1.0,2.0,2.0,1.0,2.0,18.0,7.0,3.0,3.0,11.0,4.0,7.0,8.0,2.0,0.0,0.0,0.0,31.0
16-17,16,0,Middlesbrough,3.0,1.0,3.0,0.0,1.0,0.0,15.0,8.0,4.0,3.0,2.0,5.0,14.0,11.0,0.0,1.0,0.0,0.0,34.0
16-17,17,0,Everton,1.0,0.0,1.0,0.0,0.0,0.0,11.0,6.0,4.0,1.0,6.0,1.0,9.0,13.0,1.0,3.0,0.0,0.0,37.0
16-17,18,1,Stoke,3.0,1.0,4.0,1.0,2.0,1.0,20.0,6.0,6.0,2.0,8.0,2.0,9.0,6.0,0.0,1.0,0.0,0.0,40.0
16-17,19,1,Man City,1.0,1.0,1.0,0.0,1.0,0.0,5.0,9.0,1.0,2.0,4.0,6.0,12.0,12.0,2.0,1.0,0.0,0.0,43.0
16-17,20,0,Sunderland,0.0,0.0,2.0,2.0,1.0,1.0,21.0,10.0,15.0,5.0,5.0,2.0,10.0,10.0,3.0,2.0,0.0,0.0,44.0
16-17,21,0,Man United,0.0,1.0,1.0,1.0,1.0,0.0,13.0,9.0,4.0,3.0,7.0,5.0,13.0,17.0,3.0,1.0,0.0,0.0,45.0
16-17,22,1,Swansea,-1.0,0.0,2.0,3.0,0.0,0.0,16.0,6.0,5.0,3.0,6.0,3.0,7.0,7.0,1.0,1.0,0.0,0.0,45.0
16-17,23,1,Chelsea,0.0,-1.0,1.0,1.0,0.0,1.0,7.0,8.0,3.0,2.0,3.0,3.0,13.0,8.0,2.0,1.0,0.0,0.0,46.0
16-17,24,0,Hull,-2.0,-1.0,0.0,2.0,0.0,1.0,22.0,7.0,5.0,4.0,15.0,1.0,12.0,9.0,1.0,2.0,0.0,0.0,46.0
16-17,25,1,Tottenham,2.0,2.0,2.0,0.0,2.0,0.0,17.0,7.0,9.0,2.0,10.0,3.0,14.0,14.0,3.0,4.0,0.0,0.0,49.0
16-17,26,0,Leicester,-2.0,-2.0,1.0,3.0,0.0,2.0,17.0,13.0,7.0,7.0,12.0,5.0,5.0,8.0,0.0,0.0,0.0,0.0,49.0
16-17,27,1,Arsenal,2.0,2.0,3.0,1.0,2.0,0.0,18.0,7.0,7.0,3.0,9.0,3.0,8.0,15.0,1.0,2.0,0.0,0.0,52.0
16-17,28,1,Burnley,1.0,0.0,2.0,1.0,1.0,1.0,10.0,11.0,3.0,1.0,11.0,1.0,12.0,16.0,2.0,2.0,0.0,0.0,55.0
16-17,29,0,Man City,0.0,0.0,1.0,1.0,0.0,0.0,13.0,13.0,4.0,3.0,8.0,9.0,7.0,14.0,3.0,3.0,0.0,0.0,56.0
16-17,30,1,Everton,2.0,1.0,3.0,1.0,2.0,1.0,10.0,9.0,6.0,4.0,2.0,3.0,17.0,10.0,1.0,3.0,0.0,0.0,59.0
16-17,31,1,Bournemouth,0.0,0.0,2.0,2.0,1.0,1.0,20.0,7.0,8.0,2.0,7.0,2.0,11.0,8.0,1.0,1.0,0.0,0.0,60.0
16-17,32,0,Stoke,1.0,-1.0,2.0,1.0,0.0,1.0,14.0,9.0,4.0,4.0,8.0,5.0,11.0,7.0,2.0,0.0,0.0,0.0,63.0
16-17,33,0,West Brom,1.0,1.0,1.0,0.0,1.0,0.0,15.0,7.0,2.0,2.0,4.0,4.0,9.0,15.0,1.0,3.0,0.0,0.0,66.0
16-17,34,1,Crystal Palace,-1.0,0.0,1.0,2.0,1.0,1.0,14.0,7.0,1.0,3.0,4.0,3.0,8.0,10.0,1.0,2.0,0.0,0.0,66.0
16-17,35,0,Watford,1.0,1.0,1.0,0.0,1.0,0.0,12.0,9.0,8.0,2.0,5.0,3.0,9.0,11.0,1.0,3.0,0.0,0.0,69.0
16-17,36,1,Southampton,0.0,0.0,0.0,0.0,0.0,0.0,17.0,4.0,8.0,0.0,3.0,6.0,9.0,4.0,1.0,3.0,0.0,0.0,70.0
16-17,37,0,West Ham,4.0,1.0,4.0,0.0,1.0,0.0,26.0,10.0,11.0,3.0,6.0,4.0,10.0,5.0,0.0,2.0,0.0,0.0,73.0
16-17,38,1,Middlesbrough,3.0,1.0,3.0,0.0,1.0,0.0,25.0,9.0,10.0,3.0,3.0,3.0,13.0,8.0,0.0,1.0,0.0,0.0,76.0
15-16,1,0,Stoke,1.0,0.0,1.0,0.0,0.0,0.0,8.0,7.0,3.0,1.0,5.0,3.0,16.0,9.0,4.0,2.0,0.0,0.0,3.0
15-16,2,1,Bournemouth,1.0,1.0,1.0,0.0,1.0,0.0,18.0,13.0,2.0,2.0,6.0,8.0,11.0,18.0,1.0,4.0,0.0,0.0,6.0
15-16,3,0,Arsenal,0.0,0.0,0.0,0.0,0.0,0.0,15.0,19.0,8.0,5.0,8.0,7.0,13.0,2.0,4.0,1.0,0.0,0.0,7.0
15-16,4,1,West Ham,-3.0,-2.0,0.0,3.0,0.0,2.0,13.0,12.0,1.0,5.0,5.0,7.0,17.0,11.0,3.0,1.0,1.0,1.0,7.0
15-16,5,0,Man United,-2.0,0.0,1.0,3.0,0.0,0.0,8.0,9.0,4.0,3.0,4.0,4.0,11.0,6.0,2.0,1.0,0.0,0.0,7.0
15-16,6,1,Norwich,0.0,0.0,1.0,1.0,0.0,0.0,23.0,7.0,7.0,2.0,6.0,2.0,4.0,13.0,1.0,2.0,0.0,0.0,8.0
15-16,7,1,Aston Villa,1.0,1.0,3.0,2.0,1.0,0.0,21.0,10.0,12.0,4.0,11.0,1.0,8.0,13.0,0.0,0.0,0.0,0.0,11.0
15-16,8,0,Everton,0.0,0.0,1.0,1.0,1.0,1.0,13.0,14.0,4.0,4.0,11.0,5.0,19.0,10.0,3.0,3.0,0.0,0.0,12.0
15-16,9,0,Tottenham,0.0,0.0,0.0,0.0,0.0,0.0,12.0,13.0,3.0,4.0,6.0,8.0,11.0,15.0,2.0,1.0,0.0,0.0,13.0
15-16,10,1,Southampton,0.0,0.0,1.0,1.0,0.0,0.0,15.0,8.0,2.0,3.0,10.0,7.0,8.0,11.0,1.0,0.0,0.0,1.0,14.0
15-16,11,0,Chelsea,2.0,0.0,3.0,1.0,1.0,1.0,16.0,8.0,7.0,2.0,7.0,1.0,21.0,9.0,4.0,1.0,0.0,0.0,17.0
15-16,12,1,Crystal Palace,-1.0,0.0,1.0,2.0,1.0,1.0,22.0,9.0,4.0,4.0,14.0,6.0,7.0,6.0,1.0,2.0,0.0,0.0,17.0
15-16,13,0,Man City,3.0,2.0,4.0,1.0,3.0,1.0,14.0,11.0,9.0,3.0,5.0,11.0,13.0,5.0,3.0,0.0,0.0,0.0,20.0
15-16,14,1,Swansea,1.0,0.0,1.0,0.0,0.0,0.0,10.0,8.0,2.0,0.0,8.0,7.0,12.0,6.0,3.0,1.0,0.0,0.0,23.0
15-16,15,0,Newcastle,-2.0,0.0,0.0,2.0,0.0,0.0,10.0,6.0,1.0,1.0,7.0,2.0,10.0,6.0,1.0,3.0,0.0,0.0,23.0
15-16,16,1,West Brom,0.0,0.0,2.0,2.0,1.0,1.0,28.0,4.0,8.0,2.0,4.0,4.0,7.0,10.0,0.0,0.0,0.0,0.0,24.0
15-16,17,0,Watford,-3.0,-2.0,0.0,3.0,0.0,2.0,12.0,6.0,4.0,5.0,9.0,7.0,9.0,6.0,0.0,1.0,0.0,0.0,24.0
15-16,18,1,Leicester,1.0,0.0,1.0,0.0,0.0,0.0,25.0,7.0,4.0,3.0,7.0,6.0,11.0,8.0,2.0,1.0,0.0,0.0,27.0
15-16,19,0,Sunderland,1.0,0.0,1.0,0.0,0.0,0.0,17.0,8.0,6.0,3.0,4.0,6.0,16.0,8.0,3.0,1.0,0.0,0.0,30.0
15-16,20,0,West Ham,-2.0,-1.0,0.0,2.0,0.0,1.0,23.0,18.0,2.0,10.0,9.0,3.0,8.0,11.0,1.0,1.0,0.0,0.0,30.0
15-16,21,1,Arsenal,0.0,0.0,3.0,3.0,2.0,2.0,22.0,14.0,6.0,5.0,9.0,3.0,9.0,7.0,2.0,0.0,0.0,0.0,31.0
15-16,22,1,Man United,-1.0,0.0,0.0,1.0,0.0,0.0,19.0,7.0,4.0,1.0,5.0,4.0,6.0,18.0,0.0,2.0,0.0,0.0,31.0
15-16,23,0,Norwich,1.0,-1.0,5.0,4.0,1.0,2.0,13.0,6.0,7.0,5.0,3.0,3.0,14.0,10.0,1.0,0.0,0.0,0.0,34.0
15-16,24,0,Leicester,-2.0,0.0,0.0,2.0,0.0,0.0,14.0,13.0,2.0,6.0,12.0,3.0,7.0,6.0,1.0,0.0,0.0,0.0,34.0
15-16,25,1,Sunderland,0.0,0.0,2.0,2.0,0.0,0.0,16.0,7.0,5.0,2.0,7.0,2.0,4.0,12.0,1.0,1.0,0.0,0.0,35.0
15-16,26,0,Aston Villa,6.0,2.0,6.0,0.0,2.0,0.0,11.0,6.0,9.0,1.0,6.0,0.0,9.0,10.0,1.0,3.0,0.0,0.0,38.0
15-16,27,1,Man City,3.0,2.0,3.0,0.0,2.0,0.0,11.0,4.0,7.0,2.0,3.0,2.0,14.0,14.0,0.0,1.0,0.0,0.0,41.0
15-16,28,0,Crystal Palace,1.0,0.0,2.0,1.0,0.0,0.0,19.0,14.0,5.0,4.0,6.0,6.0,16.0,12.0,2.0,1.0,1.0,0.0,44.0
15-16,29,0,Southampton,-1.0,2.0,2.0,3.0,2.0,0.0,18.0,16.0,9.0,5.0,5.0,3.0,13.0,10.0,3.0,1.0,0.0,0.0,44.0
15-16,30,1,Tottenham,0.0,0.0,1.0,1.0,0.0,0.0,15.0,18.0,7.0,5.0,12.0,9.0,11.0,11.0,2.0,0.0,0.0,0.0,45.0
15-16,31,1,Stoke,3.0,1.0,4.0,1.0,2.0,1.0,14.0,10.0,6.0,3.0,6.0,3.0,14.0,14.0,0.0,2.0,0.0,0.0,48.0
15-16,32,0,Bournemouth,1.0,2.0,2.0,1.0,2.0,0.0,19.0,18.0,6.0,5.0,4.0,5.0,9.0,9.0,0.0,0.0,0.0,0.0,51.0
15-16,33,1,Everton,4.0,2.0,4.0,0.0,2.0,0.0,37.0,3.0,13.0,0.0,9.0,1.0,8.0,11.0,1.0,1.0,0.0,1.0,54.0
15-16,34,1,Newcastle,0.0,2.0,2.0,2.0,2.0,0.0,13.0,6.0,4.0,3.0,5.0,4.0,8.0,17.0,1.0,1.0,0.0,0.0,55.0
15-16,35,0,Swansea,-2.0,-2.0,1.0,3.0,0.0,2.0,11.0,18.0,3.0,9.0,7.0,4.0,13.0,12.0,2.0,2.0,1.0,0.0,55.0
15-16,36,1,Watford,2.0,1.0,2.0,0.0,1.0,0.0,19.0,14.0,5.0,3.0,8.0,8.0,10.0,15.0,1.0,2.0,0.0,0.0,58.0
15-16,37,1,Chelsea,0.0,-1.0,1.0,1.0,0.0,1.0,28.0,13.0,9.0,7.0,7.0,3.0,11.0,12.0,3.0,1.0,0.0,0.0,59.0
15-16,38,0,West Brom,0.0,0.0,1.0,1.0,1.0,1.0,7.0,13.0,3.0,1.0,5.0,7.0,14.0,11.0,1.0,3.0,0.0,0.0,60.0
14-15,1,1,Southampton,1.0,1.0,2.0,1.0,1.0,0.0,12.0,12.0,5.0,6.0,2.0,6.0,8.0,11.0,1.0,2.0,0.0,0.0,3.0
14-15,2,0,Man City,-2.0,-1.0,1.0,3.0,0.0,1.0,11.0,9.0,3.0,4.0,7.0,6.0,7.0,13.0,1.0,1.0,0.0,0.0,3.0
14-15,3,0,Tottenham,3.0,1.0,3.0,0.0,1.0,0.0,17.0,7.0,8.0,1.0,3.0,7.0,11.0,14.0,4.0,0.0,0.0,0.0,6.0
14-15,4,1,Aston Villa,-1.0,-1.0,0.0,1.0,0.0,1.0,18.0,5.0,1.0,1.0,7.0,6.0,9.0,10.0,2.0,1.0,0.0,0.0,6.0
14-15,5,0,West Ham,-2.0,-1.0,1.0,3.0,1.0,2.0,11.0,13.0,5.0,7.0,5.0,7.0,11.0,16.0,1.0,4.0,0.0,0.0,6.0
14-15,6,1,Everton,0.0,0.0,1.0,1.0,0.0,0.0,24.0,11.0,8.0,5.0,8.0,2.0,8.0,9.0,2.0,1.0,0.0,0.0,7.0
14-15,7,1,West Brom,1.0,1.0,2.0,1.0,1.0,0.0,19.0,8.0,7.0,4.0,5.0,5.0,12.0,15.0,2.0,2.0,0.0,0.0,10.0
14-15,8,0,QPR,1.0,0.0,3.0,2.0,0.0,0.0,15.0,15.0,5.0,6.0,2.0,7.0,15.0,10.0,3.0,2.0,0.0,0.0,13.0
14-15,9,1,Hull,0.0,0.0,0.0,0.0,0.0,0.0,17.0,6.0,4.0,3.0,14.0,1.0,12.0,17.0,3.0,2.0,0.0,0.0,14.0
14-15,10,0,Newcastle,-1.0,0.0,0.0,1.0,0.0,0.0,6.0,14.0,3.0,3.0,2.0,7.0,8.0,13.0,3.0,4.0,0.0,0.0,14.0
14-15,11,1,Chelsea,-1.0,0.0,1.0,2.0,1.0,1.0,12.0,15.0,4.0,5.0,5.0,7.0,9.0,12.0,2.0,5.0,0.0,0.0,14.0
14-15,12,0,Crystal Palace,-2.0,0.0,1.0,3.0,1.0,1.0,12.0,15.0,1.0,5.0,3.0,4.0,10.0,21.0,2.0,1.0,0.0,0.0,14.0
14-15,13,1,Stoke,1.0,0.0,1.0,0.0,0.0,0.0,16.0,13.0,3.0,4.0,5.0,5.0,11.0,9.0,0.0,3.0,0.0,0.0,17.0
14-15,14,0,Leicester,2.0,0.0,3.0,1.0,1.0,1.0,11.0,20.0,3.0,4.0,4.0,7.0,10.0,11.0,2.0,1.0,0.0,1.0,20.0
14-15,15,1,Sunderland,0.0,0.0,0.0,0.0,0.0,0.0,15.0,7.0,2.0,1.0,5.0,7.0,12.0,15.0,1.0,3.0,0.0,0.0,21.0
14-15,16,0,Man United,-3.0,-2.0,0.0,3.0,0.0,2.0,19.0,11.0,9.0,6.0,7.0,2.0,14.0,13.0,3.0,4.0,0.0,0.0,21.0
14-15,17,1,Arsenal,0.0,0.0,2.0,2.0,1.0,1.0,27.0,7.0,10.0,3.0,10.0,6.0,6.0,14.0,0.0,3.0,1.0,0.0,22.0
14-15,18,0,Burnley,1.0,0.0,1.0,0.0,0.0,0.0,10.0,16.0,3.0,0.0,2.0,8.0,5.0,7.0,1.0,0.0,0.0,0.0,25.0
14-15,19,1,Swansea,3.0,1.0,4.0,1.0,1.0,0.0,21.0,11.0,11.0,4.0,6.0,3.0,8.0,5.0,1.0,0.0,0.0,0.0,28.0
14-15,20,1,Leicester,0.0,2.0,2.0,2.0,2.0,0.0,18.0,16.0,6.0,3.0,4.0,5.0,13.0,10.0,2.0,2.0,0.0,0.0,29.0
14-15,21,0,Sunderland,1.0,1.0,1.0,0.0,1.0,0.0,21.0,5.0,4.0,1.0,6.0,6.0,11.0,12.0,4.0,1.0,0.0,1.0,32.0
14-15,22,0,Aston Villa,2.0,1.0,2.0,0.0,1.0,0.0,12.0,15.0,5.0,4.0,5.0,9.0,11.0,13.0,1.0,1.0,0.0,0.0,35.0
14-15,23,1,West Ham,2.0,0.0,2.0,0.0,0.0,0.0,21.0,7.0,7.0,2.0,5.0,7.0,12.0,12.0,1.0,1.0,0.0,0.0,38.0
14-15,24,0,Everton,0.0,0.0,0.0,0.0,0.0,0.0,17.0,6.0,6.0,1.0,6.0,3.0,7.0,11.0,1.0,4.0,0.0,0.0,39.0
14-15,25,1,Tottenham,1.0,0.0,3.0,2.0,1.0,1.0,16.0,14.0,7.0,5.0,5.0,7.0,13.0,17.0,3.0,6.0,0.0,0.0,42.0
14-15,26,0,Southampton,2.0,1.0,2.0,0.0,1.0,0.0,6.0,13.0,4.0,5.0,1.0,6.0,14.0,11.0,3.0,2.0,0.0,0.0,45.0
14-15,27,1,Man City,1.0,0.0,2.0,1.0,1.0,1.0,11.0,8.0,5.0,1.0,3.0,0.0,8.0,16.0,1.0,3.0,0.0,0.0,48.0
14-15,28,1,Burnley,2.0,1.0,2.0,0.0,1.0,0.0,20.0,9.0,8.0,1.0,6.0,5.0,8.0,14.0,0.0,1.0,0.0,0.0,51.0
14-15,29,0,Swansea,1.0,0.0,1.0,0.0,0.0,0.0,16.0,10.0,5.0,3.0,5.0,4.0,16.0,13.0,3.0,0.0,0.0,0.0,54.0
14-15,30,1,Man United,-1.0,-1.0,1.0,2.0,0.0,1.0,7.0,6.0,1.0,4.0,2.0,3.0,14.0,17.0,2.0,2.0,1.0,0.0,54.0
14-15,31,0,Arsenal,-3.0,-3.0,1.0,4.0,0.0,3.0,13.0,16.0,2.0,10.0,5.0,6.0,9.0,7.0,0.0,1.0,1.0,0.0,54.0
14-15,32,1,Newcastle,2.0,1.0,2.0,0.0,1.0,0.0,14.0,10.0,6.0,3.0,6.0,6.0,8.0,17.0,2.0,0.0,0.0,1.0,57.0
14-15,33,0,West Brom,0.0,0.0,0.0,0.0,0.0,0.0,22.0,10.0,5.0,4.0,4.0,2.0,11.0,12.0,0.0,1.0,0.0,0.0,58.0
14-15,34,0,Hull,-1.0,-1.0,0.0,1.0,0.0,1.0,12.0,7.0,9.0,4.0,7.0,7.0,10.0,10.0,0.0,2.0,0.0,0.0,58.0
14-15,35,1,QPR,1.0,1.0,2.0,1.0,1.0,0.0,25.0,10.0,8.0,2.0,9.0,6.0,9.0,18.0,2.0,3.0,0.0,1.0,61.0
14-15,36,0,Chelsea,0.0,0.0,1.0,1.0,1.0,1.0,15.0,8.0,4.0,3.0,4.0,6.0,11.0,13.0,3.0,4.0,0.0,0.0,62.0
14-15,37,1,Crystal Palace,-2.0,0.0,1.0,3.0,1.0,1.0,18.0,15.0,3.0,6.0,4.0,5.0,10.0,17.0,2.0,3.0,0.0,0.0,62.0
14-15,38,0,Stoke,-5.0,-5.0,1.0,6.0,0.0,5.0,13.0,15.0,4.0,9.0,9.0,3.0,4.0,13.0,2.0,4.0,0.0,0.0,62.0
13-14,1,1,Stoke,1.0,1.0,1.0,0.0,1.0,0.0,26.0,10.0,11.0,4.0,12.0,6.0,11.0,11.0,1.0,1.0,0.0,0.0,3.0
13-14,2,0,Aston Villa,1.0,1.0,1.0,0.0,1.0,0.0,5.0,17.0,1.0,3.0,2.0,8.0,8.0,9.0,3.0,3.0,0.0,0.0,6.0
13-14,3,1,Man United,1.0,1.0,1.0,0.0,1.0,0.0,10.0,10.0,5.0,4.0,2.0,7.0,15.0,15.0,2.0,4.0,0.0,0.0,9.0
13-14,4,0,Swansea,0.0,1.0,2.0,2.0,2.0,1.0,12.0,17.0,5.0,8.0,7.0,3.0,10.0,7.0,3.0,2.0,0.0,0.0,10.0
13-14,5,1,Southampton,-1.0,0.0,0.0,1.0,0.0,0.0,10.0,12.0,5.0,7.0,6.0,6.0,6.0,9.0,0.0,1.0,0.0,0.0,10.0
13-14,6,0,Sunderland,2.0,2.0,3.0,1.0,2.0,0.0,15.0,23.0,6.0,5.0,8.0,10.0,10.0,8.0,1.0,2.0,0.0,0.0,13.0
13-14,7,1,Crystal Palace,2.0,3.0,3.0,1.0,3.0,0.0,13.0,11.0,7.0,2.0,11.0,3.0,11.0,6.0,2.0,1.0,0.0,0.0,16.0
13-14,8,0,Newcastle,0.0,0.0,2.0,2.0,1.0,1.0,23.0,14.0,7.0,4.0,13.0,3.0,10.0,8.0,3.0,2.0,0.0,1.0,17.0
13-14,9,1,West Brom,3.0,2.0,4.0,1.0,2.0,0.0,18.0,15.0,7.0,3.0,3.0,9.0,14.0,11.0,0.0,2.0,0.0,0.0,20.0
13-14,10,0,Arsenal,-2.0,-1.0,0.0,2.0,0.0,1.0,12.0,12.0,4.0,7.0,5.0,3.0,7.0,11.0,1.0,2.0,0.0,0.0,20.0
13-14,11,1,Fulham,4.0,3.0,4.0,0.0,3.0,0.0,32.0,4.0,10.0,1.0,9.0,3.0,13.0,9.0,0.0,1.0,0.0,0.0,23.0
13-14,12,0,Everton,0.0,1.0,3.0,3.0,2.0,1.0,11.0,18.0,5.0,12.0,7.0,6.0,15.0,16.0,3.0,4.0,0.0,0.0,24.0
13-14,13,0,Hull,-2.0,0.0,1.0,3.0,1.0,1.0,9.0,12.0,4.0,4.0,6.0,2.0,16.0,10.0,0.0,2.0,0.0,0.0,24.0
13-14,14,1,Norwich,4.0,3.0,5.0,1.0,3.0,0.0,28.0,14.0,12.0,5.0,4.0,0.0,10.0,6.0,3.0,1.0,0.0,0.0,27.0
13-14,15,1,West Ham,3.0,1.0,4.0,1.0,1.0,0.0,32.0,8.0,9.0,1.0,8.0,4.0,9.0,12.0,0.0,3.0,0.0,1.0,30.0
13-14,16,0,Tottenham,5.0,2.0,5.0,0.0,2.0,0.0,21.0,9.0,10.0,0.0,9.0,2.0,15.0,17.0,0.0,3.0,0.0,1.0,33.0
13-14,17,1,Cardiff,2.0,3.0,3.0,1.0,3.0,0.0,27.0,10.0,7.0,3.0,9.0,5.0,11.0,13.0,2.0,0.0,0.0,0.0,36.0
13-14,18,0,Man City,-1.0,-1.0,1.0,2.0,1.0,2.0,12.0,20.0,5.0,6.0,6.0,7.0,9.0,10.0,3.0,1.0,0.0,0.0,36.0
13-14,19,0,Chelsea,-1.0,-1.0,1.0,2.0,1.0,2.0,8.0,11.0,4.0,5.0,2.0,4.0,17.0,17.0,1.0,4.0,0.0,0.0,36.0
13-14,20,1,Hull,2.0,1.0,2.0,0.0,1.0,0.0,17.0,10.0,6.0,0.0,3.0,4.0,15.0,15.0,1.0,2.0,0.0,0.0,39.0
13-14,21,0,Stoke,2.0,0.0,5.0,3.0,2.0,2.0,13.0,13.0,9.0,4.0,2.0,11.0,8.0,10.0,1.0,1.0,0.0,0.0,42.0
13-14,22,1,Aston Villa,0.0,-1.0,2.0,2.0,1.0,2.0,14.0,12.0,6.0,3.0,2.0,3.0,14.0,18.0,1.0,4.0,0.0,0.0,43.0
13-14,23,1,Everton,4.0,3.0,4.0,0.0,3.0,0.0,20.0,18.0,9.0,4.0,5.0,8.0,11.0,13.0,0.0,3.0,0.0,0.0,46.0
13-14,24,0,West Brom,0.0,1.0,1.0,1.0,1.0,0.0,12.0,12.0,3.0,4.0,4.0,3.0,15.0,13.0,2.0,4.0,0.0,0.0,47.0
13-14,25,1,Arsenal,4.0,4.0,5.0,1.0,4.0,0.0,22.0,11.0,12.0,6.0,6.0,6.0,14.0,14.0,1.0,2.0,0.0,0.0,50.0
13-14,26,0,Fulham,1.0,0.0,3.0,2.0,1.0,1.0,21.0,10.0,7.0,3.0,5.0,7.0,9.0,7.0,3.0,4.0,0.0,0.0,53.0
13-14,27,1,Swansea,1.0,1.0,4.0,3.0,3.0,2.0,21.0,14.0,10.0,5.0,3.0,5.0,9.0,11.0,1.0,0.0,0.0,0.0,56.0
13-14,28,0,Southampton,3.0,1.0,3.0,0.0,1.0,0.0,12.0,13.0,5.0,2.0,6.0,3.0,6.0,10.0,2.0,1.0,0.0,0.0,59.0
13-14,29,0,Man United,3.0,1.0,3.0,0.0,1.0,0.0,17.0,13.0,7.0,1.0,4.0,3.0,12.0,13.0,4.0,1.0,0.0,1.0,62.0
13-14,30,0,Cardiff,3.0,0.0,6.0,3.0,2.0,2.0,19.0,9.0,9.0,3.0,6.0,4.0,11.0,14.0,3.0,2.0,0.0,0.0,65.0
13-14,31,1,Sunderland,1.0,1.0,2.0,1.0,1.0,0.0,21.0,12.0,7.0,4.0,3.0,4.0,5.0,15.0,0.0,2.0,0.0,0.0,68.0
13-14,32,1,Tottenham,4.0,2.0,4.0,0.0,2.0,0.0,11.0,15.0,5.0,4.0,5.0,7.0,9.0,9.0,0.0,2.0,0.0,0.0,71.0
13-14,33,0,West Ham,1.0,0.0,2.0,1.0,1.0,1.0,17.0,11.0,8.0,1.0,4.0,4.0,9.0,10.0,0.0,4.0,0.0,0.0,74.0
13-14,34,1,Man City,1.0,2.0,3.0,2.0,2.0,0.0,10.0,13.0,4.0,5.0,7.0,7.0,7.0,9.0,1.0,3.0,1.0,0.0,77.0
13-14,35,0,Norwich,1.0,2.0,3.0,2.0,2.0,0.0,14.0,13.0,6.0,5.0,3.0,8.0,10.0,16.0,2.0,3.0,0.0,0.0,80.0
13-14,36,1,Chelsea,-2.0,-1.0,0.0,2.0,0.0,1.0,26.0,11.0,8.0,4.0,14.0,3.0,9.0,7.0,0.0,4.0,0.0,0.0,80.0
13-14,37,0,Crystal Palace,0.0,1.0,3.0,3.0,1.0,0.0,26.0,10.0,9.0,6.0,7.0,7.0,12.0,7.0,3.0,2.0,0.0,0.0,81.0
13-14,38,1,Newcastle,1.0,-1.0,2.0,1.0,0.0,1.0,13.0,8.0,5.0,2.0,6.0,2.0,8.0,16.0,1.0,3.0,0.0,2.0,84.0
12-13,1,0,West Brom,-3.0,-1.0,0.0,3.0,0.0,1.0,14.0,15.0,7.0,10.0,3.0,7.0,11.0,10.0,4.0,1.0,1.0,0.0,0.0
12-13,2,1,Man City,0.0,1.0,2.0,2.0,1.0,0.0,15.0,11.0,8.0,5.0,4.0,4.0,10.0,7.0,1.0,0.0,0.0,0.0,1.0
12-13,3,1,Arsenal,-2.0,-1.0,0.0,2.0,0.0,1.0,17.0,11.0,8.0,7.0,10.0,2.0,12.0,7.0,2.0,2.0,0.0,0.0,1.0
12-13,4,0,Sunderland,0.0,-1.0,1.0,1.0,0.0,1.0,20.0,6.0,9.0,4.0,7.0,2.0,10.0,18.0,2.0,1.0,0.0,0.0,2.0
12-13,5,1,Man United,-1.0,0.0,1.0,2.0,0.0,0.0,13.0,8.0,8.0,4.0,7.0,3.0,14.0,7.0,1.0,2.0,1.0,0.0,2.0
12-13,6,0,Norwich,3.0,2.0,5.0,2.0,2.0,0.0,10.0,10.0,6.0,7.0,5.0,5.0,2.0,5.0,0.0,1.0,0.0,0.0,5.0
12-13,7,1,Stoke,0.0,0.0,0.0,0.0,0.0,0.0,16.0,5.0,5.0,3.0,5.0,5.0,9.0,16.0,0.0,6.0,0.0,0.0,6.0
12-13,8,1,Reading,1.0,1.0,1.0,0.0,1.0,0.0,23.0,8.0,13.0,5.0,6.0,5.0,13.0,6.0,1.0,1.0,0.0,0.0,9.0
12-13,9,0,Everton,0.0,0.0,2.0,2.0,2.0,2.0,12.0,17.0,5.0,8.0,5.0,9.0,18.0,16.0,3.0,4.0,0.0,0.0,10.0
12-13,10,1,Newcastle,0.0,-1.0,1.0,1.0,0.0,1.0,20.0,10.0,12.0,3.0,14.0,3.0,10.0,13.0,0.0,1.0,0.0,1.0,11.0
12-13,11,0,Chelsea,0.0,-1.0,1.0,1.0,0.0,1.0,9.0,12.0,5.0,3.0,7.0,4.0,13.0,12.0,3.0,1.0,0.0,0.0,12.0
12-13,12,1,Wigan,3.0,0.0,3.0,0.0,0.0,0.0,22.0,9.0,11.0,3.0,10.0,5.0,9.0,11.0,0.0,3.0,0.0,0.0,15.0
12-13,13,0,Swansea,0.0,0.0,0.0,0.0,0.0,0.0,21.0,17.0,14.0,8.0,6.0,7.0,10.0,6.0,0.0,1.0,0.0,0.0,16.0
12-13,14,0,Tottenham,-1.0,-2.0,1.0,2.0,0.0,2.0,14.0,14.0,9.0,7.0,12.0,1.0,14.0,4.0,2.0,1.0,0.0,0.0,16.0
12-13,15,1,Southampton,1.0,1.0,1.0,0.0,1.0,0.0,24.0,8.0,11.0,4.0,10.0,4.0,10.0,8.0,2.0,0.0,0.0,0.0,19.0
12-13,16,0,West Ham,1.0,-1.0,3.0,2.0,1.0,2.0,16.0,9.0,8.0,6.0,5.0,2.0,10.0,12.0,2.0,1.0,0.0,0.0,22.0
12-13,17,1,Aston Villa,-2.0,-2.0,1.0,3.0,0.0,2.0,26.0,9.0,17.0,6.0,7.0,2.0,4.0,11.0,1.0,2.0,0.0,0.0,22.0
12-13,18,1,Fulham,4.0,2.0,4.0,0.0,2.0,0.0,22.0,7.0,12.0,6.0,8.0,2.0,13.0,6.0,1.0,2.0,0.0,0.0,25.0
12-13,19,0,Stoke,-2.0,-1.0,1.0,3.0,1.0,2.0,12.0,7.0,6.0,6.0,8.0,6.0,5.0,11.0,1.0,3.0,0.0,0.0,25.0
12-13,20,0,QPR,3.0,3.0,3.0,0.0,3.0,0.0,16.0,14.0,11.0,7.0,9.0,1.0,8.0,10.0,1.0,2.0,0.0,0.0,28.0
12-13,21,1,Sunderland,3.0,2.0,3.0,0.0,2.0,0.0,27.0,6.0,16.0,5.0,9.0,5.0,8.0,5.0,0.0,1.0,0.0,0.0,31.0
12-13,22,0,Man United,-1.0,-1.0,1.0,2.0,0.0,1.0,12.0,15.0,5.0,10.0,1.0,3.0,16.0,14.0,4.0,1.0,0.0,0.0,31.0
12-13,23,1,Norwich,5.0,2.0,5.0,0.0,2.0,0.0,17.0,5.0,10.0,3.0,10.0,4.0,10.0,8.0,1.0,1.0,0.0,0.0,34.0
12-13,24,0,Arsenal,0.0,1.0,2.0,2.0,1.0,0.0,10.0,14.0,5.0,6.0,6.0,8.0,11.0,9.0,1.0,3.0,0.0,0.0,35.0
12-13,25,0,Man City,0.0,0.0,2.0,2.0,1.0,1.0,21.0,9.0,12.0,5.0,10.0,9.0,7.0,14.0,4.0,2.0,0.0,0.0,36.0
12-13,26,1,West Brom,-2.0,0.0,0.0,2.0,0.0,0.0,23.0,4.0,14.0,3.0,13.0,5.0,9.0,9.0,1.0,4.0,0.0,0.0,36.0
12-13,27,1,Swansea,5.0,1.0,5.0,0.0,1.0,0.0,33.0,4.0,18.0,3.0,10.0,1.0,6.0,9.0,0.0,1.0,0.0,0.0,39.0
12-13,28,0,Wigan,4.0,3.0,4.0,0.0,3.0,0.0,8.0,15.0,7.0,11.0,3.0,4.0,15.0,11.0,2.0,2.0,0.0,0.0,42.0
12-13,29,1,Tottenham,1.0,0.0,3.0,2.0,1.0,1.0,10.0,15.0,4.0,9.0,1.0,4.0,9.0,8.0,1.0,1.0,0.0,0.0,45.0
12-13,30,0,Southampton,-2.0,-1.0,1.0,3.0,1.0,2.0,8.0,17.0,6.0,12.0,5.0,7.0,10.0,10.0,1.0,0.0,0.0,0.0,45.0
12-13,31,0,Aston Villa,1.0,-1.0,2.0,1.0,0.0,1.0,16.0,10.0,12.0,7.0,8.0,7.0,8.0,9.0,1.0,1.0,0.0,0.0,48.0
12-13,32,1,West Ham,0.0,0.0,0.0,0.0,0.0,0.0,19.0,10.0,12.0,4.0,12.0,2.0,8.0,4.0,0.0,1.0,0.0,0.0,49.0
12-13,33,0,Reading,0.0,0.0,0.0,0.0,0.0,0.0,26.0,7.0,15.0,5.0,9.0,4.0,8.0,9.0,1.0,2.0,0.0,0.0,50.0
12-13,34,1,Chelsea,0.0,-1.0,2.0,2.0,0.0,1.0,23.0,9.0,12.0,6.0,8.0,5.0,8.0,11.0,5.0,2.0,0.0,0.0,51.0
12-13,35,0,Newcastle,6.0,2.0,6.0,0.0,2.0,0.0,11.0,5.0,10.0,1.0,7.0,5.0,7.0,14.0,2.0,3.0,0.0,1.0,54.0
12-13,36,1,Everton,0.0,0.0,0.0,0.0,0.0,0.0,16.0,11.0,8.0,4.0,3.0,5.0,10.0,10.0,1.0,2.0,0.0,0.0,55.0
12-13,37,0,Fulham,2.0,0.0,3.0,1.0,1.0,1.0,20.0,10.0,14.0,8.0,8.0,7.0,10.0,2.0,1.0,0.0,0.0,0.0,58.0
12-13,38,1,QPR,1.0,1.0,1.0,0.0,1.0,0.0,27.0,10.0,20.0,3.0,14.0,0.0,7.0,3.0,1.0,3.0,0.0,0.0,61.0
11-12,1,1,Sunderland,0.0,1.0,1.0,1.0,1.0,0.0,11.0,15.0,4.0,6.0,6.0,3.0,17.0,12.0,4.0,4.0,0.0,0.0,1.0
11-12,2,0,Arsenal,2.0,0.0,2.0,0.0,0.0,0.0,13.0,10.0,8.0,6.0,5.0,9.0,6.0,11.0,2.0,2.0,0.0,1.0,4.0
11-12,3,1,Bolton,2.0,1.0,3.0,1.0,1.0,0.0,17.0,7.0,9.0,4.0,12.0,6.0,5.0,7.0,0.0,2.0,0.0,0.0,7.0
11-12,4,0,Stoke,-1.0,-1.0,0.0,1.0,0.0,1.0,20.0,3.0,11.0,1.0,12.0,2.0,13.0,12.0,1.0,0.0,0.0,0.0,7.0
11-12,5,0,Tottenham,-4.0,-1.0,0.0,4.0,0.0,1.0,5.0,24.0,2.0,16.0,1.0,4.0,9.0,10.0,4.0,1.0,2.0,0.0,7.0
11-12,6,1,Wolves,1.0,2.0,2.0,1.0,2.0,0.0,14.0,11.0,6.0,6.0,7.0,2.0,15.0,6.0,3.0,4.0,0.0,0.0,10.0
11-12,7,0,Everton,2.0,0.0,2.0,0.0,0.0,0.0,15.0,12.0,9.0,4.0,9.0,5.0,9.0,15.0,1.0,1.0,0.0,1.0,13.0
11-12,8,1,Man United,0.0,0.0,1.0,1.0,0.0,0.0,14.0,10.0,8.0,3.0,8.0,3.0,8.0,11.0,1.0,3.0,0.0,0.0,14.0
11-12,9,1,Norwich,0.0,1.0,1.0,1.0,1.0,0.0,25.0,12.0,15.0,10.0,10.0,3.0,6.0,8.0,0.0,1.0,0.0,0.0,15.0
11-12,10,0,West Brom,2.0,2.0,2.0,0.0,2.0,0.0,17.0,10.0,7.0,6.0,10.0,3.0,9.0,12.0,0.0,1.0,0.0,0.0,18.0
11-12,11,1,Swansea,0.0,0.0,0.0,0.0,0.0,0.0,18.0,9.0,10.0,3.0,11.0,4.0,13.0,5.0,2.0,1.0,0.0,0.0,19.0
11-12,12,0,Chelsea,1.0,1.0,2.0,1.0,1.0,0.0,9.0,18.0,3.0,5.0,5.0,6.0,11.0,13.0,2.0,3.0,0.0,0.0,22.0
11-12,13,1,Man City,0.0,0.0,1.0,1.0,1.0,1.0,17.0,7.0,9.0,3.0,8.0,5.0,11.0,13.0,1.0,4.0,0.0,1.0,23.0
11-12,14,0,Fulham,-1.0,0.0,0.0,1.0,0.0,0.0,17.0,19.0,9.0,13.0,10.0,2.0,9.0,12.0,1.0,3.0,1.0,0.0,23.0
11-12,15,1,QPR,1.0,0.0,1.0,0.0,0.0,0.0,21.0,6.0,15.0,2.0,17.0,5.0,12.0,5.0,2.0,0.0,0.0,0.0,26.0
11-12,16,0,Aston Villa,2.0,2.0,2.0,0.0,2.0,0.0,19.0,16.0,12.0,8.0,10.0,4.0,14.0,5.0,2.0,1.0,0.0,0.0,29.0
11-12,17,0,Wigan,0.0,0.0,0.0,0.0,0.0,0.0,18.0,15.0,10.0,10.0,14.0,7.0,12.0,16.0,2.0,1.0,0.0,0.0,30.0
11-12,18,1,Blackburn,0.0,-1.0,1.0,1.0,0.0,1.0,28.0,5.0,13.0,2.0,9.0,2.0,5.0,15.0,1.0,0.0,0.0,0.0,31.0
11-12,19,1,Newcastle,2.0,0.0,3.0,1.0,1.0,1.0,15.0,5.0,7.0,2.0,7.0,0.0,7.0,11.0,0.0,2.0,0.0,0.0,34.0
11-12,20,0,Man City,-3.0,-2.0,0.0,3.0,0.0,2.0,18.0,10.0,10.0,8.0,6.0,5.0,7.0,13.0,2.0,1.0,0.0,1.0,34.0
11-12,21,1,Stoke,0.0,0.0,0.0,0.0,0.0,0.0,13.0,3.0,5.0,1.0,11.0,1.0,6.0,11.0,0.0,3.0,0.0,0.0,35.0
11-12,22,0,Bolton,-2.0,-1.0,1.0,3.0,1.0,2.0,11.0,15.0,8.0,8.0,5.0,5.0,13.0,10.0,2.0,0.0,0.0,0.0,35.0
11-12,23,0,Wolves,3.0,0.0,3.0,0.0,0.0,0.0,23.0,5.0,14.0,1.0,4.0,5.0,8.0,6.0,3.0,1.0,0.0,0.0,38.0
11-12,24,1,Tottenham,0.0,0.0,0.0,0.0,0.0,0.0,15.0,9.0,10.0,6.0,7.0,4.0,6.0,11.0,2.0,2.0,0.0,0.0,39.0
11-12,25,0,Man United,-1.0,0.0,1.0,2.0,0.0,0.0,9.0,11.0,6.0,6.0,3.0,4.0,11.0,10.0,1.0,1.0,0.0,0.0,39.0
11-12,26,1,Arsenal,-1.0,0.0,1.0,2.0,1.0,1.0,12.0,10.0,4.0,7.0,12.0,0.0,11.0,9.0,0.0,1.0,0.0,0.0,39.0
11-12,27,0,Sunderland,-1.0,0.0,0.0,1.0,0.0,0.0,9.0,6.0,5.0,1.0,2.0,3.0,15.0,13.0,1.0,1.0,0.0,0.0,39.0
11-12,28,1,Everton,3.0,1.0,3.0,0.0,1.0,0.0,15.0,5.0,10.0,3.0,4.0,4.0,6.0,7.0,1.0,4.0,0.0,0.0,42.0
11-12,29,0,QPR,-1.0,0.0,2.0,3.0,0.0,0.0,18.0,10.0,11.0,5.0,17.0,7.0,6.0,8.0,0.0,0.0,0.0,0.0,42.0
11-12,30,1,Wigan,-1.0,-1.0,1.0,2.0,0.0,1.0,12.0,6.0,9.0,5.0,6.0,0.0,14.0,10.0,1.0,2.0,0.0,0.0,42.0
11-12,31,0,Newcastle,-2.0,-1.0,0.0,2.0,0.0,1.0,9.0,11.0,6.0,7.0,6.0,3.0,11.0,10.0,3.0,3.0,1.0,0.0,42.0
11-12,32,1,Aston Villa,0.0,-1.0,1.0,1.0,0.0,1.0,21.0,5.0,5.0,3.0,11.0,3.0,4.0,9.0,1.0,1.0,0.0,0.0,43.0
11-12,33,0,Blackburn,1.0,1.0,3.0,2.0,2.0,1.0,16.0,10.0,12.0,4.0,4.0,4.0,12.0,16.0,5.0,4.0,1.0,0.0,46.0
11-12,34,1,West Brom,-1.0,0.0,0.0,1.0,0.0,0.0,28.0,9.0,12.0,4.0,15.0,3.0,10.0,8.0,2.0,0.0,0.0,0.0,46.0
11-12,35,0,Norwich,3.0,2.0,3.0,0.0,2.0,0.0,15.0,8.0,9.0,3.0,7.0,5.0,4.0,9.0,0.0,4.0,0.0,0.0,49.0
11-12,36,1,Fulham,-1.0,-1.0,0.0,1.0,0.0,1.0,18.0,7.0,5.0,4.0,5.0,4.0,11.0,7.0,0.0,0.0,0.0,0.0,49.0
11-12,37,1,Chelsea,3.0,3.0,4.0,1.0,3.0,0.0,23.0,9.0,13.0,5.0,7.0,4.0,15.0,13.0,2.0,4.0,0.0,0.0,52.0
11-12,38,0,Swansea,-1.0,0.0,0.0,1.0,0.0,0.0,14.0,13.0,9.0,8.0,5.0,6.0,5.0,5.0,1.0,1.0,0.0,0.0,52.0
10-11,1,1,Arsenal,0.0,0.0,1.0,1.0,0.0,0.0,7.0,14.0,4.0,7.0,9.0,11.0,13.0,15.0,1.0,3.0,1.0,1.0,1.0
10-11,2,0,Man City,-3.0,-1.0,0.0,3.0,0.0,1.0,13.0,8.0,7.0,3.0,4.0,5.0,12.0,13.0,1.0,1.0,0.0,0.0,1.0
10-11,3,1,West Brom,1.0,0.0,1.0,0.0,0.0,0.0,11.0,14.0,7.0,5.0,7.0,6.0,9.0,8.0,0.0,0.0,0.0,1.0,4.0
10-11,4,0,Birmingham,0.0,0.0,0.0,0.0,0.0,0.0,14.0,15.0,8.0,3.0,3.0,4.0,9.0,8.0,0.0,1.0,0.0,0.0,5.0
10-11,5,0,Man United,-1.0,-1.0,2.0,3.0,0.0,1.0,7.0,16.0,1.0,7.0,1.0,6.0,10.0,15.0,1.0,4.0,0.0,0.0,5.0
10-11,6,1,Sunderland,0.0,0.0,2.0,2.0,1.0,1.0,13.0,10.0,5.0,1.0,3.0,3.0,15.0,7.0,3.0,1.0,0.0,0.0,6.0
10-11,7,1,Blackpool,-1.0,-2.0,1.0,2.0,0.0,2.0,19.0,11.0,10.0,7.0,5.0,2.0,11.0,10.0,2.0,1.0,0.0,0.0,6.0
10-11,8,0,Everton,-2.0,-1.0,0.0,2.0,0.0,1.0,15.0,9.0,9.0,6.0,7.0,8.0,9.0,10.0,2.0,2.0,0.0,0.0,6.0
10-11,9,1,Blackburn,1.0,0.0,2.0,1.0,0.0,0.0,17.0,4.0,10.0,2.0,15.0,4.0,17.0,12.0,2.0,3.0,0.0,0.0,9.0
10-11,10,0,Bolton,1.0,0.0,1.0,0.0,0.0,0.0,10.0,14.0,4.0,10.0,4.0,1.0,13.0,15.0,2.0,2.0,0.0,0.0,12.0
10-11,11,1,Chelsea,2.0,2.0,2.0,0.0,2.0,0.0,9.0,11.0,7.0,7.0,2.0,5.0,15.0,17.0,0.0,2.0,0.0,0.0,15.0
10-11,12,0,Wigan,0.0,1.0,1.0,1.0,1.0,0.0,8.0,10.0,3.0,8.0,4.0,5.0,10.0,7.0,2.0,0.0,0.0,0.0,16.0
10-11,13,0,Stoke,-2.0,0.0,0.0,2.0,0.0,0.0,10.0,14.0,6.0,7.0,3.0,4.0,10.0,14.0,3.0,2.0,1.0,0.0,16.0
10-11,14,1,West Ham,3.0,3.0,3.0,0.0,3.0,0.0,19.0,6.0,11.0,1.0,10.0,2.0,8.0,8.0,0.0,1.0,0.0,0.0,19.0
10-11,15,0,Tottenham,-1.0,1.0,1.0,2.0,1.0,0.0,12.0,20.0,8.0,13.0,8.0,5.0,16.0,6.0,5.0,0.0,0.0,0.0,19.0
10-11,16,1,Aston Villa,3.0,2.0,3.0,0.0,2.0,0.0,12.0,5.0,7.0,2.0,4.0,3.0,12.0,13.0,0.0,1.0,0.0,0.0,22.0
10-11,17,0,Newcastle,-2.0,-1.0,1.0,3.0,0.0,1.0,16.0,8.0,7.0,5.0,5.0,2.0,13.0,19.0,1.0,2.0,0.0,0.0,22.0
10-11,18,1,Wolves,-1.0,0.0,0.0,1.0,0.0,0.0,9.0,7.0,5.0,3.0,2.0,8.0,8.0,11.0,1.0,1.0,0.0,0.0,22.0
10-11,19,1,Bolton,1.0,-1.0,2.0,1.0,0.0,1.0,16.0,10.0,7.0,4.0,7.0,4.0,11.0,16.0,2.0,2.0,0.0,0.0,25.0
10-11,20,0,Blackburn,-2.0,-2.0,1.0,3.0,0.0,2.0,13.0,10.0,9.0,4.0,7.0,0.0,13.0,14.0,1.0,1.0,0.0,0.0,25.0
10-11,21,0,Blackpool,-1.0,0.0,1.0,2.0,1.0,1.0,10.0,13.0,6.0,9.0,3.0,3.0,13.0,6.0,3.0,1.0,0.0,0.0,25.0
10-11,22,1,Everton,0.0,1.0,2.0,2.0,1.0,0.0,19.0,10.0,14.0,5.0,10.0,6.0,16.0,17.0,3.0,0.0,0.0,0.0,26.0
10-11,23,0,Wolves,3.0,1.0,3.0,0.0,1.0,0.0,15.0,11.0,10.0,4.0,4.0,5.0,17.0,6.0,3.0,0.0,0.0,0.0,29.0
10-11,24,1,Fulham,1.0,0.0,1.0,0.0,0.0,0.0,11.0,12.0,7.0,8.0,6.0,2.0,11.0,10.0,0.0,0.0,0.0,0.0,32.0
10-11,25,1,Stoke,2.0,0.0,2.0,0.0,0.0,0.0,13.0,6.0,9.0,1.0,7.0,0.0,6.0,8.0,1.0,4.0,0.0,0.0,35.0
10-11,26,0,Chelsea,1.0,0.0,1.0,0.0,0.0,0.0,7.0,14.0,4.0,4.0,3.0,4.0,9.0,9.0,1.0,1.0,0.0,0.0,38.0
10-11,27,1,Wigan,0.0,1.0,1.0,1.0,1.0,0.0,13.0,8.0,5.0,2.0,8.0,5.0,11.0,17.0,1.0,3.0,0.0,0.0,39.0
10-11,28,0,West Ham,-2.0,-2.0,1.0,3.0,0.0,2.0,12.0,17.0,8.0,11.0,8.0,6.0,8.0,10.0,1.0,0.0,0.0,0.0,39.0
10-11,29,1,Man United,2.0,2.0,3.0,1.0,2.0,0.0,17.0,12.0,10.0,7.0,6.0,4.0,12.0,12.0,2.0,3.0,0.0,0.0,42.0
10-11,30,0,Sunderland,2.0,1.0,2.0,0.0,1.0,0.0,10.0,3.0,4.0,1.0,6.0,3.0,7.0,11.0,3.0,3.0,0.0,1.0,45.0
10-11,31,0,West Brom,-1.0,0.0,1.0,2.0,0.0,0.0,13.0,17.0,9.0,14.0,5.0,0.0,15.0,10.0,3.0,2.0,0.0,0.0,45.0
10-11,32,1,Man City,3.0,3.0,3.0,0.0,3.0,0.0,15.0,13.0,7.0,4.0,6.0,2.0,6.0,3.0,1.0,0.0,0.0,0.0,48.0
10-11,33,0,Arsenal,0.0,0.0,1.0,1.0,0.0,0.0,9.0,12.0,5.0,6.0,3.0,10.0,13.0,13.0,4.0,2.0,0.0,0.0,49.0
10-11,34,1,Birmingham,5.0,2.0,5.0,0.0,2.0,0.0,17.0,10.0,13.0,6.0,5.0,2.0,7.0,12.0,1.0,0.0,0.0,0.0,52.0
10-11,35,1,Newcastle,3.0,1.0,3.0,0.0,1.0,0.0,9.0,7.0,5.0,3.0,3.0,12.0,15.0,10.0,1.0,2.0,0.0,0.0,55.0
10-11,36,0,Fulham,3.0,3.0,5.0,2.0,3.0,0.0,16.0,10.0,11.0,7.0,5.0,6.0,11.0,18.0,2.0,5.0,0.0,0.0,58.0
10-11,37,1,Tottenham,-2.0,-1.0,0.0,2.0,0.0,1.0,10.0,8.0,2.0,4.0,11.0,5.0,13.0,7.0,2.0,1.0,0.0,0.0,58.0
10-11,38,0,Aston Villa,-1.0,-1.0,0.0,1.0,0.0,1.0,9.0,10.0,4.0,8.0,5.0,4.0,12.0,12.0,2.0,2.0,0.0,0.0,58.0
09-10,1,0,Tottenham,-1.0,-1.0,1.0,2.0,0.0,1.0,6.0,17.0,3.0,11.0,5.0,6.0,16.0,14.0,3.0,3.0,0.0,0.0,0.0
09-10,2,1,Stoke,4.0,2.0,4.0,0.0,2.0,0.0,18.0,6.0,13.0,3.0,11.0,5.0,10.0,9.0,0.0,1.0,0.0,0.0,3.0
09-10,3,1,Aston Villa,-2.0,-2.0,1.0,3.0,0.0,2.0,21.0,7.0,12.0,4.0,10.0,4.0,15.0,11.0,3.0,2.0,0.0,0.0,3.0
09-10,4,0,Bolton,1.0,0.0,3.0,2.0,1.0,1.0,26.0,8.0,14.0,5.0,11.0,5.0,7.0,14.0,1.0,3.0,0.0,1.0,6.0
09-10,5,1,Burnley,4.0,2.0,4.0,0.0,2.0,0.0,27.0,6.0,16.0,3.0,7.0,5.0,8.0,10.0,0.0,2.0,0.0,0.0,9.0
09-10,6,0,West Ham,1.0,0.0,3.0,2.0,2.0,2.0,19.0,8.0,15.0,5.0,4.0,4.0,17.0,13.0,3.0,3.0,0.0,0.0,12.0
09-10,7,1,Hull,5.0,1.0,6.0,1.0,2.0,1.0,22.0,7.0,14.0,3.0,13.0,2.0,10.0,3.0,1.0,4.0,0.0,0.0,15.0
09-10,8,0,Chelsea,-2.0,0.0,0.0,2.0,0.0,0.0,12.0,12.0,3.0,8.0,8.0,5.0,17.0,14.0,1.0,1.0,0.0,0.0,15.0
09-10,9,0,Sunderland,-1.0,-1.0,0.0,1.0,0.0,1.0,15.0,13.0,6.0,7.0,7.0,1.0,17.0,20.0,1.0,2.0,0.0,0.0,15.0
09-10,10,1,Man United,2.0,0.0,2.0,0.0,0.0,0.0,11.0,7.0,6.0,5.0,5.0,1.0,20.0,11.0,2.0,3.0,1.0,1.0,18.0
09-10,11,0,Fulham,-2.0,0.0,1.0,3.0,1.0,1.0,6.0,10.0,3.0,6.0,2.0,2.0,13.0,10.0,0.0,1.0,2.0,0.0,18.0
09-10,12,1,Birmingham,0.0,-1.0,2.0,2.0,1.0,2.0,27.0,5.0,14.0,2.0,11.0,1.0,7.0,9.0,1.0,2.0,0.0,0.0,19.0
09-10,13,1,Man City,0.0,0.0,2.0,2.0,0.0,0.0,10.0,9.0,6.0,6.0,7.0,3.0,9.0,13.0,2.0,0.0,0.0,0.0,20.0
09-10,14,0,Everton,2.0,1.0,2.0,0.0,1.0,0.0,9.0,12.0,7.0,8.0,4.0,6.0,12.0,15.0,0.0,1.0,0.0,0.0,23.0
09-10,15,0,Blackburn,0.0,0.0,0.0,0.0,0.0,0.0,15.0,9.0,11.0,3.0,8.0,1.0,9.0,15.0,0.0,1.0,0.0,0.0,24.0
09-10,16,1,Arsenal,-1.0,1.0,1.0,2.0,1.0,0.0,6.0,7.0,3.0,5.0,3.0,4.0,19.0,16.0,3.0,3.0,0.0,0.0,24.0
09-10,17,1,Wigan,1.0,1.0,2.0,1.0,1.0,0.0,12.0,8.0,7.0,5.0,13.0,0.0,12.0,11.0,1.0,1.0,0.0,0.0,27.0
09-10,18,0,Portsmouth,-2.0,-1.0,0.0,2.0,0.0,1.0,7.0,14.0,3.0,6.0,10.0,8.0,12.0,7.0,3.0,3.0,1.0,0.0,27.0
09-10,19,1,Wolves,2.0,0.0,2.0,0.0,0.0,0.0,14.0,6.0,10.0,2.0,7.0,1.0,9.0,10.0,0.0,1.0,0.0,1.0,30.0
09-10,20,0,Aston Villa,1.0,0.0,1.0,0.0,0.0,0.0,12.0,11.0,9.0,7.0,10.0,8.0,11.0,13.0,1.0,1.0,0.0,0.0,33.0
09-10,21,0,Stoke,0.0,0.0,1.0,1.0,0.0,0.0,4.0,6.0,3.0,5.0,0.0,10.0,10.0,14.0,2.0,1.0,0.0,0.0,34.0
09-10,22,1,Tottenham,2.0,1.0,2.0,0.0,1.0,0.0,13.0,7.0,5.0,5.0,2.0,3.0,11.0,17.0,2.0,3.0,0.0,0.0,37.0
09-10,23,0,Wolves,0.0,0.0,0.0,0.0,0.0,0.0,6.0,6.0,3.0,4.0,7.0,0.0,11.0,10.0,1.0,0.0,0.0,0.0,38.0
09-10,24,1,Bolton,2.0,1.0,2.0,0.0,1.0,0.0,13.0,4.0,6.0,1.0,11.0,3.0,12.0,10.0,1.0,3.0,0.0,0.0,41.0
09-10,25,1,Everton,1.0,0.0,1.0,0.0,0.0,0.0,9.0,6.0,4.0,3.0,8.0,8.0,11.0,23.0,3.0,3.0,1.0,1.0,44.0
09-10,26,0,Arsenal,-1.0,0.0,0.0,1.0,0.0,0.0,9.0,11.0,7.0,6.0,6.0,3.0,13.0,19.0,2.0,3.0,0.0,0.0,44.0
09-10,27,0,Man City,0.0,0.0,0.0,0.0,0.0,0.0,6.0,4.0,2.0,1.0,5.0,8.0,15.0,7.0,6.0,1.0,0.0,0.0,45.0
09-10,28,1,Blackburn,1.0,1.0,2.0,1.0,2.0,1.0,12.0,12.0,6.0,7.0,4.0,5.0,10.0,22.0,1.0,5.0,0.0,0.0,48.0
09-10,29,0,Wigan,-1.0,-1.0,0.0,1.0,0.0,1.0,11.0,12.0,3.0,4.0,7.0,4.0,14.0,15.0,5.0,1.0,0.0,0.0,48.0
09-10,30,1,Portsmouth,3.0,3.0,4.0,1.0,3.0,0.0,23.0,7.0,12.0,3.0,8.0,4.0,10.0,15.0,0.0,2.0,0.0,0.0,51.0
09-10,31,0,Man United,-1.0,0.0,1.0,2.0,1.0,1.0,4.0,10.0,2.0,5.0,2.0,1.0,15.0,10.0,3.0,2.0,0.0,0.0,51.0
09-10,32,1,Sunderland,3.0,2.0,3.0,0.0,2.0,0.0,25.0,7.0,16.0,2.0,9.0,2.0,11.0,9.0,0.0,1.0,0.0,0.0,54.0
09-10,33,0,Birmingham,0.0,0.0,1.0,1.0,0.0,0.0,16.0,8.0,8.0,3.0,4.0,5.0,9.0,14.0,1.0,2.0,0.0,0.0,55.0
09-10,34,1,Fulham,0.0,0.0,0.0,0.0,0.0,0.0,18.0,2.0,9.0,2.0,10.0,1.0,6.0,16.0,1.0,3.0,0.0,0.0,56.0
09-10,35,1,West Ham,3.0,2.0,3.0,0.0,2.0,0.0,17.0,6.0,8.0,2.0,9.0,2.0,8.0,12.0,0.0,2.0,0.0,0.0,59.0
09-10,36,0,Burnley,4.0,0.0,4.0,0.0,0.0,0.0,12.0,12.0,10.0,6.0,5.0,4.0,11.0,13.0,1.0,2.0,0.0,0.0,62.0
09-10,37,1,Chelsea,-2.0,-1.0,0.0,2.0,0.0,1.0,7.0,15.0,2.0,11.0,9.0,5.0,7.0,7.0,1.0,2.0,0.0,0.0,62.0
09-10,38,0,Hull,0.0,0.0,0.0,0.0,0.0,0.0,19.0,11.0,7.0,6.0,6.0,2.0,11.0,15.0,0.0,1.0,0.0,0.0,63.0
08-09,1,0,Sunderland,1.0,0.0,1.0,0.0,0.0,0.0,14.0,6.0,8.0,3.0,8.0,1.0,12.0,13.0,2.0,0.0,0.0,0.0,3.0
08-09,2,1,Middlesbrough,1.0,0.0,2.0,1.0,0.0,0.0,16.0,9.0,8.0,4.0,14.0,3.0,10.0,12.0,2.0,1.0,0.0,0.0,6.0
08-09,3,0,Aston Villa,0.0,0.0,0.0,0.0,0.0,0.0,8.0,5.0,3.0,2.0,8.0,5.0,13.0,9.0,2.0,0.0,0.0,0.0,7.0
08-09,4,1,Man United,1.0,0.0,2.0,1.0,1.0,1.0,16.0,7.0,11.0,3.0,5.0,4.0,10.0,18.0,0.0,3.0,0.0,1.0,10.0
08-09,5,1,Stoke,0.0,0.0,0.0,0.0,0.0,0.0,27.0,3.0,11.0,2.0,20.0,3.0,8.0,10.0,1.0,1.0,0.0,0.0,11.0
08-09,6,0,Everton,2.0,0.0,2.0,0.0,0.0,0.0,11.0,4.0,6.0,2.0,4.0,7.0,20.0,17.0,3.0,3.0,0.0,1.0,14.0
08-09,7,0,Man City,1.0,-2.0,3.0,2.0,0.0,2.0,14.0,7.0,7.0,5.0,7.0,1.0,12.0,11.0,1.0,1.0,0.0,1.0,17.0
08-09,8,1,Wigan,1.0,-1.0,3.0,2.0,1.0,2.0,17.0,7.0,7.0,4.0,5.0,2.0,10.0,13.0,1.0,1.0,0.0,1.0,20.0
08-09,9,0,Chelsea,1.0,1.0,1.0,0.0,1.0,0.0,8.0,14.0,3.0,5.0,2.0,4.0,13.0,17.0,3.0,3.0,0.0,0.0,23.0
08-09,10,1,Portsmouth,1.0,0.0,1.0,0.0,0.0,0.0,21.0,4.0,10.0,1.0,7.0,1.0,13.0,12.0,0.0,3.0,0.0,0.0,26.0
08-09,11,0,Tottenham,-1.0,1.0,1.0,2.0,1.0,0.0,14.0,8.0,6.0,4.0,4.0,4.0,13.0,18.0,2.0,1.0,0.0,0.0,26.0
08-09,12,1,West Brom,3.0,2.0,3.0,0.0,2.0,0.0,11.0,4.0,10.0,2.0,3.0,7.0,10.0,8.0,2.0,1.0,0.0,0.0,29.0
08-09,13,0,Bolton,2.0,1.0,2.0,0.0,1.0,0.0,15.0,15.0,6.0,9.0,3.0,7.0,7.0,7.0,1.0,1.0,0.0,0.0,32.0
08-09,14,1,Fulham,0.0,0.0,0.0,0.0,0.0,0.0,18.0,6.0,7.0,6.0,9.0,3.0,7.0,6.0,0.0,0.0,0.0,0.0,33.0
08-09,15,1,West Ham,0.0,0.0,0.0,0.0,0.0,0.0,21.0,7.0,8.0,3.0,17.0,5.0,5.0,7.0,1.0,1.0,0.0,0.0,34.0
08-09,16,0,Blackburn,2.0,0.0,3.0,1.0,0.0,0.0,10.0,7.0,6.0,3.0,6.0,5.0,9.0,11.0,2.0,2.0,0.0,0.0,37.0
08-09,17,1,Hull,0.0,0.0,2.0,2.0,2.0,2.0,22.0,9.0,10.0,3.0,8.0,4.0,12.0,8.0,3.0,3.0,0.0,0.0,38.0
08-09,18,0,Arsenal,0.0,0.0,1.0,1.0,1.0,1.0,10.0,6.0,6.0,3.0,1.0,2.0,17.0,14.0,3.0,3.0,0.0,1.0,39.0
08-09,19,1,Bolton,3.0,1.0,3.0,0.0,1.0,0.0,18.0,4.0,8.0,2.0,16.0,3.0,7.0,12.0,1.0,3.0,0.0,0.0,42.0
08-09,20,0,Newcastle,4.0,1.0,5.0,1.0,2.0,1.0,17.0,10.0,12.0,7.0,9.0,4.0,11.0,7.0,1.0,2.0,0.0,0.0,45.0
08-09,21,0,Stoke,0.0,0.0,0.0,0.0,0.0,0.0,7.0,5.0,3.0,0.0,5.0,4.0,10.0,10.0,2.0,2.0,0.0,0.0,46.0
08-09,22,1,Everton,0.0,0.0,1.0,1.0,0.0,0.0,9.0,7.0,5.0,6.0,4.0,4.0,19.0,15.0,0.0,2.0,0.0,0.0,47.0
08-09,23,0,Wigan,0.0,1.0,1.0,1.0,1.0,0.0,10.0,3.0,5.0,1.0,2.0,2.0,17.0,12.0,0.0,1.0,0.0,0.0,48.0
08-09,24,1,Chelsea,2.0,0.0,2.0,0.0,0.0,0.0,21.0,4.0,15.0,1.0,12.0,1.0,20.0,15.0,4.0,3.0,0.0,1.0,51.0
08-09,25,0,Portsmouth,1.0,0.0,3.0,2.0,0.0,0.0,14.0,9.0,9.0,7.0,4.0,2.0,9.0,10.0,0.0,1.0,0.0,0.0,54.0
08-09,26,1,Man City,0.0,0.0,1.0,1.0,0.0,0.0,18.0,10.0,5.0,4.0,6.0,4.0,10.0,13.0,1.0,2.0,0.0,0.0,55.0
08-09,27,0,Middlesbrough,-2.0,-1.0,0.0,2.0,0.0,1.0,16.0,5.0,7.0,3.0,9.0,2.0,6.0,2.0,0.0,2.0,0.0,0.0,55.0
08-09,28,1,Sunderland,2.0,0.0,2.0,0.0,0.0,0.0,22.0,5.0,12.0,2.0,6.0,2.0,9.0,6.0,1.0,1.0,0.0,0.0,58.0
08-09,29,0,Man United,3.0,1.0,4.0,1.0,2.0,1.0,9.0,14.0,6.0,9.0,3.0,10.0,15.0,14.0,3.0,2.0,0.0,1.0,61.0
08-09,30,1,Aston Villa,5.0,3.0,5.0,0.0,3.0,0.0,14.0,6.0,7.0,4.0,4.0,6.0,10.0,13.0,1.0,3.0,0.0,1.0,64.0
08-09,31,0,Fulham,1.0,0.0,1.0,0.0,0.0,0.0,19.0,3.0,10.0,1.0,6.0,3.0,10.0,8.0,2.0,2.0,0.0,0.0,67.0
08-09,32,1,Blackburn,4.0,2.0,4.0,0.0,2.0,0.0,22.0,7.0,12.0,5.0,7.0,2.0,6.0,13.0,2.0,1.0,0.0,0.0,70.0
08-09,33,1,Arsenal,0.0,-1.0,4.0,4.0,0.0,1.0,22.0,8.0,15.0,4.0,12.0,0.0,10.0,12.0,0.0,1.0,0.0,0.0,71.0
08-09,34,0,Hull,2.0,1.0,3.0,1.0,1.0,0.0,21.0,7.0,8.0,5.0,8.0,3.0,14.0,15.0,1.0,3.0,0.0,1.0,74.0
08-09,35,1,Newcastle,3.0,2.0,3.0,0.0,2.0,0.0,25.0,3.0,11.0,3.0,7.0,1.0,6.0,8.0,0.0,2.0,0.0,1.0,77.0
08-09,36,0,West Ham,3.0,2.0,3.0,0.0,2.0,0.0,16.0,8.0,9.0,3.0,4.0,2.0,17.0,10.0,2.0,3.0,0.0,0.0,80.0
08-09,37,0,West Brom,2.0,1.0,2.0,0.0,1.0,0.0,16.0,12.0,10.0,7.0,5.0,11.0,4.0,13.0,0.0,2.0,0.0,0.0,83.0
08-09,38,1,Tottenham,2.0,1.0,3.0,1.0,1.0,0.0,20.0,8.0,9.0,4.0,9.0,2.0,14.0,4.0,0.0,1.0,0.0,0.0,86.0
07-08,1,0,Aston Villa,1.0,1.0,2.0,1.0,1.0,0.0,17.0,10.0,7.0,6.0,2.0,4.0,11.0,18.0,2.0,4.0,0.0,0.0,3.0
07-08,2,1,Chelsea,0.0,1.0,1.0,1.0,1.0,0.0,18.0,6.0,8.0,2.0,5.0,2.0,11.0,16.0,4.0,5.0,0.0,0.0,4.0
07-08,3,0,Sunderland,2.0,1.0,2.0,0.0,1.0,0.0,17.0,7.0,12.0,2.0,4.0,6.0,12.0,12.0,1.0,1.0,0.0,0.0,7.0
07-08,4,1,Derby,6.0,2.0,6.0,0.0,2.0,0.0,20.0,8.0,10.0,3.0,4.0,2.0,10.0,14.0,0.0,1.0,0.0,0.0,10.0
07-08,5,0,Portsmouth,0.0,0.0,0.0,0.0,0.0,0.0,12.0,9.0,6.0,2.0,4.0,5.0,14.0,20.0,2.0,3.0,0.0,0.0,11.0
07-08,6,1,Birmingham,0.0,0.0,0.0,0.0,0.0,0.0,18.0,5.0,4.0,2.0,11.0,2.0,3.0,10.0,0.0,2.0,0.0,0.0,12.0
07-08,7,0,Wigan,1.0,0.0,1.0,0.0,0.0,0.0,14.0,9.0,10.0,3.0,6.0,5.0,10.0,11.0,1.0,2.0,0.0,0.0,15.0
07-08,8,1,Tottenham,0.0,0.0,2.0,2.0,1.0,1.0,21.0,11.0,9.0,6.0,5.0,3.0,18.0,10.0,0.0,1.0,0.0,0.0,16.0
07-08,9,0,Everton,1.0,-1.0,2.0,1.0,0.0,1.0,17.0,6.0,7.0,1.0,6.0,9.0,14.0,8.0,2.0,1.0,0.0,2.0,19.0
07-08,10,1,Arsenal,0.0,1.0,1.0,1.0,1.0,0.0,11.0,11.0,8.0,4.0,4.0,1.0,16.0,10.0,3.0,3.0,0.0,0.0,20.0
07-08,11,0,Blackburn,0.0,0.0,0.0,0.0,0.0,0.0,11.0,15.0,7.0,7.0,3.0,6.0,11.0,7.0,1.0,0.0,0.0,0.0,21.0
07-08,12,1,Fulham,2.0,0.0,2.0,0.0,0.0,0.0,20.0,5.0,12.0,3.0,8.0,2.0,9.0,12.0,0.0,2.0,0.0,0.0,24.0
07-08,13,0,Newcastle,3.0,1.0,3.0,0.0,1.0,0.0,17.0,6.0,11.0,2.0,8.0,0.0,11.0,13.0,1.0,3.0,0.0,0.0,27.0
07-08,14,1,Bolton,4.0,2.0,4.0,0.0,2.0,0.0,23.0,6.0,14.0,3.0,5.0,5.0,11.0,14.0,0.0,3.0,0.0,0.0,30.0
07-08,15,0,Reading,-2.0,0.0,1.0,3.0,1.0,1.0,15.0,7.0,5.0,4.0,7.0,7.0,10.0,10.0,1.0,0.0,0.0,0.0,30.0
07-08,16,1,Man United,-1.0,-1.0,0.0,1.0,0.0,1.0,19.0,5.0,6.0,3.0,3.0,3.0,14.0,13.0,2.0,3.0,0.0,0.0,30.0
07-08,17,1,Portsmouth,3.0,2.0,4.0,1.0,2.0,0.0,14.0,9.0,7.0,3.0,3.0,1.0,13.0,11.0,1.0,2.0,0.0,0.0,33.0
07-08,18,0,Derby,1.0,1.0,2.0,1.0,1.0,0.0,22.0,9.0,10.0,4.0,7.0,2.0,9.0,9.0,0.0,1.0,0.0,0.0,36.0
07-08,19,0,Man City,0.0,0.0,0.0,0.0,0.0,0.0,19.0,4.0,11.0,3.0,9.0,2.0,7.0,4.0,1.0,0.0,0.0,0.0,37.0
07-08,20,1,Wigan,0.0,0.0,1.0,1.0,0.0,0.0,15.0,6.0,11.0,1.0,4.0,1.0,13.0,16.0,2.0,1.0,0.0,0.0,38.0
07-08,21,0,Middlesbrough,0.0,-1.0,1.0,1.0,0.0,1.0,14.0,8.0,7.0,3.0,9.0,3.0,11.0,4.0,1.0,1.0,0.0,0.0,39.0
07-08,22,1,Aston Villa,0.0,1.0,2.0,2.0,1.0,0.0,17.0,4.0,7.0,3.0,8.0,2.0,11.0,15.0,2.0,2.0,0.0,0.0,40.0
07-08,23,0,West Ham,-1.0,0.0,0.0,1.0,0.0,0.0,13.0,8.0,5.0,2.0,6.0,4.0,19.0,11.0,3.0,0.0,0.0,0.0,40.0
07-08,24,1,Sunderland,3.0,0.0,3.0,0.0,0.0,0.0,14.0,6.0,11.0,3.0,4.0,1.0,8.0,10.0,1.0,2.0,0.0,0.0,43.0
07-08,25,0,Chelsea,0.0,0.0,0.0,0.0,0.0,0.0,10.0,5.0,4.0,3.0,4.0,6.0,18.0,14.0,2.0,3.0,0.0,0.0,44.0
07-08,26,1,Middlesbrough,1.0,1.0,3.0,2.0,2.0,1.0,13.0,6.0,8.0,3.0,6.0,2.0,8.0,11.0,2.0,5.0,0.0,1.0,47.0
07-08,27,0,Bolton,2.0,1.0,3.0,1.0,1.0,0.0,12.0,7.0,9.0,2.0,10.0,3.0,14.0,7.0,1.0,2.0,0.0,0.0,50.0
07-08,28,1,West Ham,4.0,1.0,4.0,0.0,1.0,0.0,20.0,2.0,11.0,2.0,16.0,3.0,9.0,15.0,0.0,3.0,0.0,0.0,53.0
07-08,29,1,Newcastle,3.0,2.0,3.0,0.0,2.0,0.0,15.0,6.0,13.0,4.0,12.0,8.0,8.0,7.0,1.0,0.0,0.0,0.0,56.0
07-08,30,1,Reading,1.0,0.0,2.0,1.0,1.0,1.0,19.0,7.0,8.0,3.0,7.0,2.0,7.0,22.0,0.0,5.0,0.0,0.0,59.0
07-08,31,0,Man United,-3.0,-1.0,0.0,3.0,0.0,1.0,8.0,22.0,4.0,15.0,4.0,2.0,12.0,11.0,3.0,1.0,1.0,0.0,59.0
07-08,32,1,Everton,1.0,1.0,1.0,0.0,1.0,0.0,15.0,3.0,9.0,2.0,11.0,4.0,13.0,14.0,1.0,4.0,0.0,0.0,62.0
07-08,33,0,Arsenal,0.0,1.0,1.0,1.0,1.0,0.0,11.0,8.0,4.0,6.0,3.0,5.0,10.0,10.0,2.0,1.0,0.0,0.0,63.0
07-08,34,1,Blackburn,2.0,0.0,3.0,1.0,0.0,0.0,17.0,7.0,9.0,3.0,5.0,1.0,12.0,10.0,1.0,0.0,0.0,0.0,66.0
07-08,35,0,Fulham,2.0,1.0,2.0,0.0,1.0,0.0,16.0,10.0,7.0,6.0,3.0,3.0,10.0,9.0,0.0,1.0,0.0,0.0,69.0
07-08,36,0,Birmingham,0.0,-1.0,2.0,2.0,0.0,1.0,12.0,5.0,7.0,3.0,5.0,3.0,9.0,6.0,1.0,2.0,0.0,0.0,70.0
07-08,37,1,Man City,1.0,0.0,1.0,0.0,0.0,0.0,23.0,4.0,10.0,3.0,12.0,5.0,9.0,5.0,0.0,0.0,0.0,0.0,73.0
07-08,38,0,Tottenham,2.0,0.0,2.0,0.0,0.0,0.0,18.0,6.0,12.0,3.0,4.0,8.0,9.0,11.0,1.0,1.0,0.0,0.0,76.0
06-07,1,0,Sheffield United,0.0,0.0,1.0,1.0,0.0,0.0,12.0,5.0,7.0,3.0,12.0,0.0,16.0,10.0,2.0,1.0,0.0,0.0,1.0
06-07,2,1,West Ham,1.0,1.0,2.0,1.0,2.0,1.0,19.0,8.0,8.0,3.0,6.0,1.0,15.0,6.0,1.0,0.0,0.0,0.0,4.0
06-07,3,0,Everton,-3.0,-2.0,0.0,3.0,0.0,2.0,21.0,8.0,5.0,6.0,11.0,2.0,13.0,22.0,3.0,1.0,0.0,0.0,4.0
06-07,4,0,Chelsea,-1.0,-1.0,0.0,1.0,0.0,1.0,9.0,4.0,6.0,3.0,3.0,1.0,17.0,13.0,2.0,3.0,0.0,1.0,4.0
06-07,5,1,Newcastle,2.0,1.0,2.0,0.0,1.0,0.0,22.0,11.0,11.0,6.0,8.0,6.0,12.0,13.0,1.0,1.0,0.0,0.0,7.0
06-07,6,1,Tottenham,3.0,0.0,3.0,0.0,0.0,0.0,14.0,5.0,6.0,1.0,6.0,0.0,12.0,9.0,1.0,0.0,0.0,0.0,10.0
06-07,7,0,Bolton,-2.0,-1.0,0.0,2.0,0.0,1.0,13.0,4.0,6.0,3.0,10.0,1.0,12.0,15.0,1.0,2.0,0.0,0.0,10.0
06-07,8,1,Blackburn,0.0,-1.0,1.0,1.0,0.0,1.0,18.0,5.0,9.0,3.0,8.0,1.0,6.0,15.0,1.0,3.0,0.0,0.0,11.0
06-07,9,0,Man United,-2.0,-1.0,0.0,2.0,0.0,1.0,13.0,10.0,5.0,8.0,5.0,5.0,21.0,14.0,3.0,1.0,0.0,0.0,11.0
06-07,10,1,Aston Villa,2.0,3.0,3.0,1.0,3.0,0.0,19.0,7.0,6.0,5.0,8.0,4.0,11.0,17.0,0.0,1.0,0.0,0.0,14.0
06-07,11,1,Reading,2.0,1.0,2.0,0.0,1.0,0.0,21.0,5.0,10.0,2.0,9.0,6.0,8.0,14.0,0.0,2.0,0.0,0.0,17.0
06-07,12,0,Arsenal,-3.0,-1.0,0.0,3.0,0.0,1.0,10.0,7.0,4.0,7.0,6.0,2.0,12.0,7.0,3.0,2.0,0.0,0.0,17.0
06-07,13,0,Middlesbrough,0.0,0.0,0.0,0.0,0.0,0.0,17.0,1.0,10.0,1.0,12.0,2.0,3.0,14.0,0.0,0.0,0.0,0.0,18.0
06-07,14,1,Man City,1.0,0.0,1.0,0.0,0.0,0.0,12.0,6.0,6.0,2.0,8.0,2.0,9.0,20.0,2.0,1.0,0.0,0.0,21.0
06-07,15,1,Portsmouth,0.0,0.0,0.0,0.0,0.0,0.0,15.0,3.0,4.0,1.0,5.0,1.0,13.0,13.0,1.0,3.0,0.0,0.0,22.0
06-07,16,0,Wigan,4.0,4.0,4.0,0.0,4.0,0.0,9.0,15.0,6.0,6.0,2.0,8.0,14.0,9.0,2.0,2.0,0.0,0.0,25.0
06-07,17,1,Fulham,4.0,0.0,4.0,0.0,0.0,0.0,32.0,5.0,19.0,3.0,14.0,1.0,7.0,8.0,1.0,1.0,0.0,0.0,28.0
06-07,18,0,Charlton,3.0,1.0,3.0,0.0,1.0,0.0,22.0,7.0,10.0,2.0,8.0,2.0,5.0,9.0,1.0,1.0,0.0,0.0,31.0
06-07,19,1,Watford,2.0,0.0,2.0,0.0,0.0,0.0,15.0,7.0,10.0,4.0,7.0,6.0,10.0,17.0,0.0,0.0,0.0,0.0,34.0
06-07,20,0,Blackburn,-1.0,0.0,0.0,1.0,0.0,0.0,18.0,8.0,12.0,4.0,5.0,3.0,6.0,13.0,2.0,3.0,0.0,0.0,34.0
06-07,21,0,Tottenham,1.0,1.0,1.0,0.0,1.0,0.0,10.0,9.0,5.0,3.0,3.0,2.0,21.0,5.0,0.0,0.0,0.0,0.0,37.0
06-07,22,1,Bolton,3.0,0.0,3.0,0.0,0.0,0.0,19.0,1.0,9.0,0.0,8.0,8.0,18.0,12.0,0.0,3.0,0.0,0.0,40.0
06-07,23,0,Watford,3.0,2.0,3.0,0.0,2.0,0.0,22.0,8.0,13.0,4.0,12.0,3.0,10.0,9.0,0.0,0.0,0.0,0.0,43.0
06-07,24,1,Chelsea,2.0,2.0,2.0,0.0,2.0,0.0,17.0,11.0,8.0,3.0,3.0,7.0,10.0,17.0,0.0,1.0,0.0,0.0,46.0
06-07,25,0,West Ham,1.0,0.0,2.0,1.0,0.0,0.0,15.0,13.0,9.0,6.0,9.0,4.0,8.0,11.0,1.0,1.0,0.0,0.0,49.0
06-07,26,1,Everton,0.0,0.0,0.0,0.0,0.0,0.0,25.0,6.0,10.0,4.0,6.0,4.0,13.0,18.0,0.0,3.0,0.0,0.0,50.0
06-07,27,0,Newcastle,-1.0,0.0,1.0,2.0,1.0,1.0,13.0,7.0,9.0,3.0,4.0,3.0,14.0,9.0,1.0,1.0,0.0,0.0,50.0
06-07,28,1,Sheffield United,4.0,2.0,4.0,0.0,2.0,0.0,8.0,6.0,4.0,2.0,5.0,1.0,12.0,9.0,0.0,2.0,0.0,0.0,53.0
06-07,29,1,Man United,-1.0,0.0,0.0,1.0,0.0,0.0,15.0,5.0,8.0,3.0,12.0,2.0,11.0,12.0,2.0,2.0,0.0,1.0,53.0
06-07,30,0,Aston Villa,0.0,0.0,0.0,0.0,0.0,0.0,7.0,9.0,3.0,3.0,6.0,2.0,12.0,11.0,3.0,2.0,0.0,0.0,54.0
06-07,31,1,Arsenal,3.0,2.0,4.0,1.0,2.0,0.0,12.0,11.0,7.0,3.0,2.0,7.0,17.0,8.0,1.0,3.0,0.0,0.0,57.0
06-07,32,0,Reading,1.0,1.0,2.0,1.0,1.0,0.0,4.0,8.0,3.0,4.0,6.0,7.0,16.0,10.0,1.0,2.0,0.0,0.0,60.0
06-07,33,0,Man City,0.0,0.0,0.0,0.0,0.0,0.0,11.0,7.0,3.0,1.0,4.0,4.0,15.0,12.0,2.0,1.0,0.0,0.0,61.0
06-07,34,1,Middlesbrough,2.0,0.0,2.0,0.0,0.0,0.0,18.0,5.0,7.0,2.0,8.0,2.0,8.0,13.0,0.0,1.0,0.0,0.0,64.0
06-07,35,1,Wigan,2.0,1.0,2.0,0.0,1.0,0.0,23.0,4.0,12.0,3.0,12.0,3.0,10.0,10.0,2.0,2.0,0.0,0.0,67.0
06-07,36,0,Portsmouth,-1.0,-2.0,1.0,2.0,0.0,2.0,11.0,9.0,4.0,7.0,6.0,7.0,7.0,12.0,1.0,1.0,0.0,0.0,67.0
06-07,37,0,Fulham,-1.0,0.0,0.0,1.0,0.0,0.0,9.0,7.0,5.0,5.0,14.0,4.0,15.0,17.0,2.0,2.0,0.0,1.0,67.0
06-07,38,1,Charlton,0.0,-1.0,2.0,2.0,0.0,1.0,22.0,8.0,7.0,4.0,9.0,2.0,5.0,12.0,0.0,0.0,0.0,0.0,68.0
05-06,1,0,Middlesbrough,0.0,0.0,0.0,0.0,0.0,0.0,16.0,4.0,7.0,2.0,0.0,5.0,11.0,17.0,3.0,2.0,0.0,1.0,1.0
05-06,2,1,Sunderland,1.0,1.0,1.0,0.0,1.0,0.0,15.0,2.0,6.0,0.0,5.0,5.0,8.0,20.0,2.0,3.0,0.0,1.0,4.0
05-06,3,0,Tottenham,0.0,0.0,0.0,0.0,0.0,0.0,11.0,10.0,6.0,7.0,4.0,4.0,13.0,16.0,1.0,1.0,0.0,0.0,5.0
05-06,4,1,Man United,0.0,0.0,0.0,0.0,0.0,0.0,9.0,4.0,3.0,1.0,4.0,2.0,24.0,15.0,2.0,2.0,0.0,0.0,6.0
05-06,5,0,Birmingham,0.0,0.0,2.0,2.0,0.0,0.0,14.0,4.0,6.0,4.0,7.0,3.0,14.0,14.0,3.0,2.0,0.0,1.0,7.0
05-06,6,1,Chelsea,-3.0,-1.0,1.0,4.0,1.0,2.0,11.0,7.0,5.0,5.0,4.0,2.0,15.0,17.0,1.0,3.0,0.0,0.0,7.0
05-06,7,1,Blackburn,1.0,0.0,1.0,0.0,0.0,0.0,19.0,4.0,5.0,1.0,9.0,2.0,8.0,22.0,0.0,3.0,0.0,1.0,10.0
05-06,8,0,Fulham,-2.0,-1.0,0.0,2.0,0.0,1.0,14.0,6.0,6.0,3.0,8.0,3.0,14.0,9.0,2.0,0.0,0.0,0.0,10.0
05-06,9,1,West Ham,2.0,1.0,2.0,0.0,1.0,0.0,17.0,4.0,9.0,2.0,10.0,5.0,15.0,13.0,2.0,0.0,0.0,0.0,13.0
05-06,10,0,Aston Villa,2.0,0.0,2.0,0.0,0.0,0.0,10.0,6.0,6.0,2.0,5.0,3.0,11.0,16.0,2.0,2.0,0.0,0.0,16.0
05-06,11,1,Portsmouth,3.0,2.0,3.0,0.0,2.0,0.0,15.0,7.0,11.0,5.0,7.0,6.0,7.0,8.0,1.0,1.0,0.0,0.0,19.0
05-06,12,0,Man City,1.0,0.0,1.0,0.0,0.0,0.0,8.0,3.0,6.0,1.0,4.0,6.0,13.0,13.0,2.0,0.0,0.0,0.0,22.0
05-06,13,0,Sunderland,2.0,2.0,2.0,0.0,2.0,0.0,15.0,8.0,11.0,4.0,3.0,3.0,10.0,15.0,2.0,0.0,1.0,0.0,25.0
05-06,14,1,Wigan,3.0,2.0,3.0,0.0,2.0,0.0,16.0,10.0,12.0,6.0,11.0,6.0,16.0,15.0,1.0,2.0,0.0,0.0,28.0
05-06,15,1,Middlesbrough,2.0,0.0,2.0,0.0,0.0,0.0,23.0,6.0,13.0,3.0,11.0,2.0,10.0,18.0,1.0,2.0,0.0,1.0,31.0
05-06,16,1,Newcastle,2.0,2.0,2.0,0.0,2.0,0.0,21.0,2.0,11.0,2.0,7.0,4.0,9.0,13.0,1.0,0.0,0.0,1.0,34.0
05-06,17,0,Everton,2.0,1.0,3.0,1.0,2.0,1.0,12.0,10.0,5.0,6.0,2.0,5.0,20.0,23.0,2.0,4.0,0.0,2.0,37.0
05-06,18,1,West Brom,1.0,0.0,1.0,0.0,0.0,0.0,27.0,4.0,13.0,0.0,10.0,1.0,8.0,12.0,0.0,0.0,0.0,0.0,40.0
05-06,19,0,Bolton,0.0,-1.0,2.0,2.0,0.0,1.0,15.0,12.0,7.0,7.0,5.0,3.0,14.0,16.0,3.0,2.0,0.0,0.0,41.0
05-06,20,1,Tottenham,1.0,0.0,1.0,0.0,0.0,0.0,16.0,6.0,12.0,2.0,10.0,7.0,8.0,12.0,0.0,1.0,0.0,1.0,44.0
05-06,21,0,Man United,-1.0,0.0,0.0,1.0,0.0,0.0,11.0,7.0,7.0,4.0,2.0,1.0,17.0,15.0,3.0,2.0,0.0,0.0,44.0
05-06,22,1,Birmingham,0.0,0.0,1.0,1.0,0.0,0.0,24.0,3.0,10.0,2.0,11.0,3.0,13.0,12.0,0.0,0.0,0.0,1.0,45.0
05-06,23,0,Chelsea,-2.0,-1.0,0.0,2.0,0.0,1.0,12.0,10.0,2.0,6.0,5.0,5.0,17.0,14.0,2.0,1.0,1.0,0.0,45.0
05-06,24,0,Charlton,-2.0,-2.0,0.0,2.0,0.0,2.0,13.0,6.0,5.0,2.0,10.0,1.0,13.0,12.0,2.0,2.0,0.0,0.0,45.0
05-06,25,0,Wigan,1.0,1.0,1.0,0.0,1.0,0.0,7.0,5.0,6.0,1.0,3.0,4.0,3.0,8.0,0.0,2.0,0.0,0.0,48.0
05-06,26,1,Arsenal,1.0,0.0,1.0,0.0,0.0,0.0,22.0,6.0,9.0,2.0,13.0,1.0,12.0,15.0,0.0,1.0,0.0,0.0,51.0
05-06,27,1,Man City,1.0,1.0,1.0,0.0,1.0,0.0,20.0,6.0,12.0,3.0,12.0,2.0,4.0,16.0,0.0,2.0,0.0,1.0,54.0
05-06,28,1,Charlton,0.0,0.0,0.0,0.0,0.0,0.0,21.0,3.0,10.0,1.0,12.0,5.0,5.0,14.0,1.0,1.0,0.0,0.0,55.0
05-06,29,0,Arsenal,-1.0,-1.0,1.0,2.0,0.0,1.0,8.0,11.0,3.0,4.0,0.0,5.0,18.0,8.0,2.0,0.0,1.0,0.0,55.0
05-06,30,1,Fulham,4.0,1.0,5.0,1.0,2.0,1.0,19.0,8.0,10.0,4.0,8.0,2.0,8.0,12.0,0.0,3.0,0.0,0.0,58.0
05-06,31,0,Newcastle,2.0,1.0,3.0,1.0,2.0,1.0,12.0,8.0,6.0,4.0,1.0,2.0,18.0,21.0,3.0,2.0,0.0,1.0,61.0
05-06,32,1,Everton,2.0,1.0,3.0,1.0,1.0,0.0,17.0,8.0,10.0,5.0,5.0,3.0,12.0,25.0,3.0,7.0,1.0,1.0,64.0
05-06,33,0,West Brom,2.0,2.0,2.0,0.0,2.0,0.0,13.0,8.0,4.0,4.0,4.0,1.0,8.0,11.0,0.0,0.0,0.0,0.0,67.0
05-06,34,1,Bolton,1.0,1.0,1.0,0.0,1.0,0.0,17.0,7.0,7.0,4.0,3.0,2.0,6.0,6.0,1.0,1.0,0.0,0.0,70.0
05-06,35,0,Blackburn,1.0,1.0,1.0,0.0,1.0,0.0,7.0,6.0,2.0,3.0,4.0,6.0,11.0,12.0,2.0,3.0,0.0,0.0,73.0
05-06,36,0,West Ham,1.0,1.0,2.0,1.0,1.0,0.0,13.0,11.0,7.0,7.0,3.0,6.0,7.0,11.0,0.0,0.0,1.0,1.0,76.0
05-06,37,1,Aston Villa,2.0,1.0,3.0,1.0,1.0,0.0,15.0,7.0,9.0,3.0,6.0,5.0,7.0,11.0,0.0,0.0,0.0,0.0,79.0
05-06,38,0,Portsmouth,2.0,0.0,3.0,1.0,0.0,0.0,8.0,6.0,4.0,4.0,6.0,5.0,11.0,5.0,0.0,1.0,0.0,0.0,82.0
04-05,1,0,Tottenham,0.0,1.0,1.0,1.0,1.0,0.0,16.0,14.0,8.0,7.0,8.0,3.0,11.0,17.0,1.0,3.0,0.0,0.0,1.0
04-05,2,1,Man City,1.0,-1.0,2.0,1.0,0.0,1.0,15.0,7.0,10.0,4.0,8.0,3.0,9.0,17.0,1.0,3.0,0.0,1.0,4.0
04-05,3,0,Bolton,-1.0,-1.0,0.0,1.0,0.0,1.0,7.0,10.0,2.0,8.0,2.0,5.0,14.0,15.0,0.0,2.0,0.0,0.0,4.0
04-05,4,1,West Brom,3.0,2.0,3.0,0.0,2.0,0.0,16.0,9.0,9.0,5.0,8.0,6.0,9.0,11.0,0.0,0.0,0.0,0.0,7.0
04-05,5,0,Man United,-1.0,-1.0,1.0,2.0,0.0,1.0,6.0,14.0,3.0,9.0,2.0,7.0,15.0,22.0,2.0,1.0,0.0,0.0,7.0
04-05,6,1,Norwich,3.0,2.0,3.0,0.0,2.0,0.0,20.0,2.0,12.0,1.0,4.0,2.0,10.0,12.0,1.0,0.0,0.0,0.0,10.0
04-05,7,0,Chelsea,-1.0,0.0,0.0,1.0,0.0,0.0,5.0,13.0,3.0,5.0,2.0,11.0,20.0,14.0,1.0,0.0,0.0,0.0,10.0
04-05,8,0,Fulham,2.0,-2.0,4.0,2.0,0.0,2.0,10.0,5.0,3.0,3.0,6.0,3.0,14.0,12.0,3.0,1.0,1.0,0.0,13.0
04-05,9,1,Charlton,2.0,0.0,2.0,0.0,0.0,0.0,17.0,3.0,7.0,1.0,12.0,0.0,9.0,11.0,0.0,1.0,0.0,0.0,16.0
04-05,10,0,Blackburn,0.0,-1.0,2.0,2.0,1.0,2.0,13.0,8.0,9.0,7.0,6.0,6.0,11.0,14.0,1.0,2.0,0.0,0.0,17.0
04-05,11,1,Birmingham,-1.0,0.0,0.0,1.0,0.0,0.0,17.0,6.0,8.0,1.0,4.0,5.0,19.0,17.0,3.0,1.0,0.0,0.0,17.0
04-05,12,1,Crystal Palace,1.0,1.0,3.0,2.0,2.0,1.0,18.0,4.0,5.0,4.0,7.0,1.0,13.0,17.0,1.0,3.0,0.0,0.0,20.0
04-05,13,0,Middlesbrough,-2.0,-1.0,0.0,2.0,0.0,1.0,17.0,14.0,10.0,6.0,5.0,3.0,10.0,14.0,2.0,3.0,0.0,0.0,20.0
04-05,14,1,Arsenal,1.0,1.0,2.0,1.0,1.0,0.0,11.0,3.0,7.0,2.0,6.0,0.0,6.0,16.0,0.0,2.0,0.0,0.0,23.0
04-05,15,0,Aston Villa,0.0,0.0,1.0,1.0,1.0,1.0,12.0,3.0,7.0,2.0,9.0,3.0,10.0,10.0,0.0,1.0,0.0,0.0,24.0
04-05,16,0,Everton,-1.0,0.0,0.0,1.0,0.0,0.0,16.0,6.0,5.0,2.0,7.0,2.0,14.0,12.0,3.0,2.0,0.0,0.0,24.0
04-05,17,1,Portsmouth,0.0,0.0,1.0,1.0,0.0,0.0,12.0,7.0,7.0,4.0,6.0,4.0,6.0,9.0,0.0,0.0,0.0,0.0,25.0
04-05,18,1,Newcastle,2.0,1.0,3.0,1.0,2.0,1.0,15.0,7.0,5.0,3.0,5.0,5.0,12.0,19.0,0.0,3.0,0.0,1.0,28.0
04-05,19,0,West Brom,5.0,1.0,5.0,0.0,1.0,0.0,16.0,2.0,8.0,1.0,11.0,4.0,13.0,12.0,0.0,0.0,0.0,1.0,31.0
04-05,20,1,Southampton,1.0,1.0,1.0,0.0,1.0,0.0,19.0,3.0,11.0,2.0,7.0,3.0,6.0,12.0,0.0,3.0,0.0,0.0,34.0
04-05,21,1,Chelsea,-1.0,0.0,0.0,1.0,0.0,0.0,14.0,8.0,7.0,7.0,3.0,2.0,14.0,16.0,2.0,2.0,0.0,0.0,34.0
04-05,22,0,Norwich,1.0,0.0,2.0,1.0,0.0,0.0,11.0,7.0,6.0,4.0,2.0,5.0,19.0,16.0,3.0,2.0,0.0,0.0,37.0
04-05,23,1,Man United,-1.0,-1.0,0.0,1.0,0.0,1.0,13.0,5.0,5.0,2.0,9.0,4.0,12.0,25.0,2.0,4.0,0.0,1.0,37.0
04-05,24,0,Southampton,-2.0,-2.0,0.0,2.0,0.0,2.0,11.0,11.0,2.0,7.0,3.0,6.0,12.0,10.0,2.0,1.0,0.0,0.0,37.0
04-05,25,0,Charlton,1.0,-1.0,2.0,1.0,0.0,1.0,19.0,4.0,7.0,3.0,7.0,3.0,15.0,11.0,0.0,0.0,0.0,0.0,40.0
04-05,26,1,Fulham,2.0,0.0,3.0,1.0,1.0,1.0,10.0,6.0,7.0,2.0,4.0,3.0,12.0,13.0,1.0,4.0,0.0,0.0,43.0
04-05,27,0,Birmingham,-2.0,-2.0,0.0,2.0,0.0,2.0,6.0,5.0,2.0,3.0,4.0,10.0,10.0,16.0,0.0,2.0,0.0,0.0,43.0
04-05,28,0,Newcastle,-1.0,0.0,0.0,1.0,0.0,0.0,6.0,13.0,3.0,4.0,4.0,5.0,16.0,11.0,2.0,2.0,0.0,0.0,43.0
04-05,29,1,Blackburn,0.0,0.0,0.0,0.0,0.0,0.0,7.0,5.0,2.0,2.0,11.0,3.0,12.0,13.0,1.0,1.0,0.0,0.0,44.0
04-05,30,1,Everton,1.0,2.0,2.0,1.0,2.0,0.0,15.0,4.0,8.0,2.0,5.0,1.0,13.0,15.0,1.0,4.0,1.0,0.0,47.0
04-05,31,1,Bolton,1.0,0.0,1.0,0.0,0.0,0.0,10.0,13.0,7.0,5.0,4.0,12.0,6.0,13.0,1.0,3.0,0.0,0.0,50.0
04-05,32,0,Man City,-1.0,0.0,0.0,1.0,0.0,0.0,6.0,11.0,1.0,8.0,2.0,5.0,11.0,8.0,1.0,1.0,0.0,0.0,50.0
04-05,33,1,Tottenham,0.0,0.0,2.0,2.0,1.0,1.0,18.0,9.0,7.0,6.0,12.0,3.0,5.0,7.0,0.0,0.0,0.0,0.0,51.0
04-05,34,0,Portsmouth,1.0,1.0,2.0,1.0,2.0,1.0,19.0,8.0,12.0,6.0,4.0,5.0,8.0,10.0,0.0,1.0,0.0,0.0,54.0
04-05,35,0,Crystal Palace,-1.0,-1.0,0.0,1.0,0.0,1.0,9.0,6.0,7.0,3.0,1.0,4.0,14.0,19.0,5.0,2.0,0.0,0.0,54.0
04-05,36,1,Middlesbrough,0.0,-1.0,1.0,1.0,0.0,1.0,12.0,6.0,6.0,3.0,7.0,4.0,10.0,20.0,2.0,3.0,0.0,0.0,55.0
04-05,37,0,Arsenal,-2.0,-2.0,1.0,3.0,0.0,2.0,11.0,11.0,6.0,8.0,4.0,1.0,10.0,13.0,2.0,0.0,0.0,0.0,55.0
04-05,38,1,Aston Villa,1.0,2.0,2.0,1.0,2.0,0.0,15.0,13.0,7.0,4.0,9.0,5.0,10.0,16.0,0.0,0.0,0.0,0.0,58.0
03-04,1,1,Chelsea,-1.0,-1.0,1.0,2.0,0.0,1.0,12.0,10.0,7.0,6.0,8.0,6.0,13.0,12.0,3.0,1.0,0.0,0.0,0.0
03-04,2,0,Aston Villa,0.0,0.0,0.0,0.0,0.0,0.0,15.0,14.0,9.0,9.0,9.0,8.0,7.0,16.0,1.0,0.0,0.0,0.0,1.0
03-04,3,1,Tottenham,0.0,0.0,0.0,0.0,0.0,0.0,22.0,9.0,10.0,4.0,8.0,5.0,20.0,27.0,2.0,5.0,0.0,0.0,2.0
03-04,4,0,Everton,3.0,1.0,3.0,0.0,1.0,0.0,18.0,11.0,11.0,5.0,5.0,9.0,17.0,22.0,3.0,3.0,0.0,0.0,5.0
03-04,5,0,Blackburn,2.0,0.0,3.0,1.0,1.0,1.0,21.0,8.0,14.0,5.0,10.0,5.0,11.0,13.0,2.0,2.0,0.0,1.0,8.0
03-04,6,1,Leicester,1.0,1.0,2.0,1.0,1.0,0.0,19.0,9.0,8.0,3.0,4.0,4.0,10.0,9.0,0.0,0.0,0.0,0.0,11.0
03-04,7,0,Charlton,-1.0,-1.0,2.0,3.0,1.0,2.0,17.0,14.0,9.0,5.0,5.0,7.0,9.0,11.0,1.0,2.0,0.0,0.0,11.0
03-04,8,1,Arsenal,-1.0,0.0,1.0,2.0,1.0,1.0,13.0,12.0,7.0,8.0,11.0,3.0,12.0,20.0,2.0,2.0,0.0,0.0,11.0
03-04,9,0,Portsmouth,-1.0,-1.0,0.0,1.0,0.0,1.0,13.0,10.0,7.0,6.0,3.0,5.0,10.0,22.0,2.0,2.0,0.0,0.0,11.0
03-04,10,1,Leeds,2.0,0.0,3.0,1.0,1.0,1.0,20.0,7.0,9.0,5.0,9.0,3.0,11.0,13.0,0.0,2.0,0.0,0.0,14.0
03-04,11,0,Fulham,1.0,0.0,2.0,1.0,1.0,1.0,10.0,10.0,6.0,6.0,8.0,4.0,10.0,13.0,1.0,1.0,0.0,1.0,17.0
03-04,12,1,Man United,-1.0,0.0,1.0,2.0,0.0,0.0,10.0,6.0,4.0,4.0,2.0,6.0,16.0,9.0,1.0,2.0,0.0,0.0,17.0
03-04,13,0,Middlesbrough,0.0,0.0,0.0,0.0,0.0,0.0,8.0,8.0,1.0,3.0,4.0,3.0,15.0,16.0,2.0,2.0,0.0,0.0,18.0
03-04,14,1,Birmingham,2.0,0.0,3.0,1.0,1.0,1.0,10.0,7.0,7.0,4.0,6.0,4.0,24.0,17.0,2.0,1.0,0.0,0.0,21.0
03-04,15,0,Newcastle,0.0,1.0,1.0,1.0,1.0,0.0,7.0,13.0,3.0,6.0,1.0,8.0,13.0,13.0,4.0,1.0,0.0,0.0,22.0
03-04,16,1,Southampton,-1.0,-1.0,1.0,2.0,0.0,1.0,18.0,8.0,10.0,4.0,9.0,5.0,6.0,8.0,0.0,0.0,0.0,0.0,22.0
03-04,17,1,Bolton,2.0,1.0,3.0,1.0,1.0,0.0,13.0,7.0,8.0,2.0,7.0,1.0,10.0,18.0,0.0,2.0,0.0,0.0,25.0
03-04,18,0,Man City,0.0,-1.0,2.0,2.0,0.0,1.0,11.0,16.0,9.0,8.0,7.0,7.0,14.0,6.0,2.0,1.0,0.0,0.0,26.0
03-04,19,0,Chelsea,1.0,1.0,1.0,0.0,1.0,0.0,4.0,9.0,1.0,2.0,3.0,8.0,9.0,15.0,2.0,0.0,1.0,0.0,29.0
03-04,20,1,Aston Villa,1.0,1.0,1.0,0.0,1.0,0.0,12.0,8.0,4.0,2.0,3.0,6.0,14.0,15.0,3.0,2.0,0.0,0.0,32.0
03-04,21,0,Tottenham,-1.0,-1.0,1.0,2.0,0.0,1.0,10.0,7.0,4.0,3.0,6.0,5.0,9.0,18.0,1.0,1.0,0.0,0.0,32.0
03-04,22,0,Wolves,0.0,1.0,1.0,1.0,1.0,0.0,14.0,9.0,10.0,6.0,5.0,7.0,16.0,14.0,1.0,2.0,0.0,0.0,33.0
03-04,23,1,Everton,0.0,0.0,0.0,0.0,0.0,0.0,21.0,6.0,9.0,4.0,8.0,3.0,7.0,11.0,0.0,1.0,0.0,0.0,34.0
03-04,24,0,Bolton,0.0,-1.0,2.0,2.0,0.0,1.0,11.0,12.0,6.0,6.0,5.0,3.0,15.0,15.0,2.0,3.0,0.0,0.0,35.0
03-04,25,1,Man City,1.0,1.0,2.0,1.0,1.0,0.0,12.0,6.0,7.0,3.0,6.0,3.0,7.0,8.0,0.0,0.0,0.0,0.0,38.0
03-04,26,0,Leeds,0.0,0.0,2.0,2.0,2.0,2.0,22.0,12.0,13.0,6.0,8.0,6.0,11.0,13.0,1.0,0.0,0.0,0.0,39.0
03-04,27,0,Southampton,-2.0,0.0,0.0,2.0,0.0,0.0,18.0,7.0,12.0,3.0,7.0,1.0,8.0,20.0,1.0,3.0,0.0,0.0,39.0
03-04,28,1,Portsmouth,3.0,2.0,3.0,0.0,2.0,0.0,20.0,4.0,13.0,4.0,10.0,8.0,9.0,20.0,0.0,1.0,0.0,0.0,42.0
03-04,29,1,Wolves,1.0,0.0,1.0,0.0,0.0,0.0,12.0,8.0,4.0,6.0,14.0,4.0,5.0,12.0,0.0,1.0,0.0,0.0,45.0
03-04,30,0,Leicester,0.0,0.0,0.0,0.0,0.0,0.0,19.0,13.0,12.0,9.0,10.0,7.0,20.0,15.0,3.0,4.0,0.0,0.0,46.0
03-04,31,1,Blackburn,4.0,3.0,4.0,0.0,3.0,0.0,24.0,9.0,11.0,2.0,6.0,4.0,8.0,10.0,0.0,1.0,0.0,0.0,49.0
03-04,32,0,Arsenal,-2.0,1.0,2.0,4.0,2.0,1.0,12.0,12.0,5.0,7.0,8.0,2.0,9.0,16.0,1.0,3.0,0.0,0.0,49.0
03-04,33,1,Charlton,-1.0,0.0,0.0,1.0,0.0,0.0,25.0,6.0,16.0,3.0,7.0,4.0,12.0,17.0,1.0,0.0,0.0,0.0,49.0
03-04,34,1,Fulham,0.0,0.0,0.0,0.0,0.0,0.0,18.0,11.0,10.0,7.0,14.0,7.0,16.0,10.0,0.0,3.0,0.0,0.0,50.0
03-04,35,0,Man United,1.0,0.0,1.0,0.0,0.0,0.0,9.0,11.0,4.0,4.0,4.0,3.0,15.0,19.0,1.0,2.0,0.0,0.0,53.0
03-04,36,1,Middlesbrough,2.0,0.0,2.0,0.0,0.0,0.0,15.0,12.0,8.0,6.0,7.0,3.0,12.0,14.0,1.0,1.0,0.0,0.0,56.0
03-04,37,0,Birmingham,3.0,1.0,3.0,0.0,1.0,0.0,15.0,3.0,8.0,2.0,5.0,3.0,12.0,11.0,0.0,2.0,0.0,1.0,59.0
03-04,38,1,Newcastle,0.0,-1.0,1.0,1.0,0.0,1.0,8.0,6.0,4.0,5.0,8.0,1.0,11.0,17.0,1.0,1.0,0.0,0.0,60.0
02-03,1,0,Aston Villa,1.0,0.0,1.0,0.0,0.0,0.0,12.0,11.0,6.0,5.0,8.0,6.0,5.0,9.0,2.0,2.0,0.0,0.0,3.0
02-03,2,1,Southampton,3.0,1.0,3.0,0.0,1.0,0.0,16.0,7.0,9.0,1.0,5.0,8.0,11.0,8.0,0.0,1.0,0.0,0.0,6.0
02-03,3,0,Blackburn,0.0,0.0,2.0,2.0,1.0,1.0,5.0,7.0,3.0,4.0,2.0,5.0,10.0,17.0,1.0,3.0,0.0,0.0,7.0
02-03,4,1,Newcastle,0.0,0.0,2.0,2.0,0.0,0.0,22.0,11.0,11.0,6.0,12.0,3.0,7.0,25.0,1.0,2.0,0.0,0.0,8.0
02-03,5,1,Birmingham,0.0,1.0,2.0,2.0,1.0,0.0,12.0,6.0,10.0,3.0,1.0,2.0,6.0,10.0,0.0,1.0,0.0,0.0,9.0
02-03,6,0,Bolton,1.0,1.0,3.0,2.0,1.0,0.0,12.0,7.0,8.0,5.0,4.0,7.0,9.0,10.0,2.0,2.0,0.0,0.0,12.0
02-03,7,1,West Brom,2.0,0.0,2.0,0.0,0.0,0.0,23.0,5.0,14.0,2.0,9.0,2.0,8.0,11.0,2.0,2.0,0.0,1.0,15.0
02-03,8,0,Man City,3.0,1.0,3.0,0.0,1.0,0.0,9.0,14.0,6.0,6.0,3.0,12.0,9.0,7.0,0.0,0.0,0.0,0.0,18.0
02-03,9,1,Chelsea,1.0,0.0,1.0,0.0,0.0,0.0,12.0,8.0,8.0,0.0,3.0,1.0,10.0,13.0,0.0,2.0,0.0,0.0,21.0
02-03,10,0,Leeds,1.0,0.0,1.0,0.0,0.0,0.0,13.0,12.0,6.0,5.0,9.0,9.0,13.0,13.0,2.0,1.0,0.0,0.0,24.0
02-03,11,1,Tottenham,1.0,0.0,2.0,1.0,0.0,0.0,9.0,10.0,5.0,8.0,5.0,7.0,11.0,19.0,2.0,4.0,0.0,0.0,27.0
02-03,12,1,West Ham,2.0,1.0,2.0,0.0,1.0,0.0,13.0,5.0,9.0,1.0,6.0,0.0,7.0,8.0,0.0,0.0,0.0,0.0,30.0
02-03,13,0,Middlesbrough,-1.0,0.0,0.0,1.0,0.0,0.0,13.0,11.0,7.0,3.0,2.0,5.0,8.0,10.0,0.0,1.0,0.0,0.0,30.0
02-03,14,1,Sunderland,0.0,0.0,0.0,0.0,0.0,0.0,27.0,0.0,12.0,0.0,12.0,0.0,6.0,10.0,0.0,1.0,0.0,0.0,31.0
02-03,15,0,Fulham,-1.0,-2.0,2.0,3.0,0.0,2.0,14.0,11.0,11.0,10.0,8.0,1.0,9.0,14.0,0.0,1.0,0.0,1.0,31.0
02-03,16,1,Man United,-1.0,0.0,1.0,2.0,0.0,0.0,13.0,5.0,7.0,4.0,5.0,2.0,13.0,11.0,1.0,4.0,0.0,0.0,31.0
02-03,17,0,Charlton,-2.0,-1.0,0.0,2.0,0.0,1.0,17.0,14.0,7.0,11.0,5.0,4.0,12.0,14.0,3.0,3.0,0.0,0.0,31.0
02-03,18,0,Sunderland,-1.0,-1.0,1.0,2.0,0.0,1.0,11.0,7.0,4.0,3.0,10.0,9.0,7.0,12.0,2.0,0.0,0.0,0.0,31.0
02-03,19,1,Everton,0.0,0.0,0.0,0.0,0.0,0.0,14.0,5.0,8.0,2.0,7.0,4.0,14.0,20.0,3.0,4.0,0.0,0.0,32.0
02-03,20,1,Blackburn,0.0,1.0,1.0,1.0,1.0,0.0,12.0,10.0,6.0,5.0,7.0,4.0,8.0,6.0,1.0,1.0,0.0,0.0,33.0
02-03,21,0,Arsenal,0.0,0.0,1.0,1.0,0.0,0.0,9.0,13.0,2.0,6.0,4.0,15.0,15.0,14.0,3.0,1.0,0.0,0.0,34.0
02-03,22,0,Newcastle,-1.0,-1.0,0.0,1.0,0.0,1.0,5.0,8.0,4.0,5.0,4.0,4.0,20.0,6.0,3.0,1.0,1.0,0.0,34.0
02-03,23,1,Aston Villa,0.0,1.0,1.0,1.0,1.0,0.0,19.0,8.0,11.0,3.0,9.0,2.0,11.0,18.0,1.0,2.0,0.0,0.0,35.0
02-03,24,0,Southampton,1.0,1.0,1.0,0.0,1.0,0.0,17.0,8.0,7.0,4.0,4.0,6.0,10.0,8.0,1.0,1.0,0.0,0.0,38.0
02-03,25,1,Arsenal,0.0,-1.0,2.0,2.0,0.0,1.0,16.0,20.0,12.0,15.0,9.0,10.0,14.0,11.0,1.0,1.0,0.0,0.0,39.0
02-03,26,0,West Ham,3.0,2.0,3.0,0.0,2.0,0.0,11.0,7.0,5.0,2.0,8.0,6.0,12.0,12.0,0.0,1.0,0.0,0.0,42.0
02-03,27,1,Middlesbrough,0.0,-1.0,1.0,1.0,0.0,1.0,17.0,2.0,10.0,2.0,14.0,3.0,16.0,12.0,0.0,2.0,0.0,0.0,43.0
02-03,28,0,Birmingham,-1.0,-1.0,1.0,2.0,0.0,1.0,14.0,5.0,9.0,2.0,6.0,2.0,11.0,14.0,1.0,2.0,0.0,0.0,43.0
02-03,29,1,Bolton,2.0,1.0,2.0,0.0,1.0,0.0,9.0,10.0,3.0,2.0,3.0,3.0,13.0,11.0,0.0,3.0,0.0,0.0,46.0
02-03,30,0,Tottenham,1.0,0.0,3.0,2.0,0.0,0.0,9.0,12.0,6.0,5.0,4.0,9.0,11.0,21.0,1.0,1.0,0.0,0.0,49.0
02-03,31,1,Leeds,2.0,1.0,3.0,1.0,2.0,1.0,19.0,11.0,11.0,6.0,4.0,6.0,12.0,17.0,0.0,1.0,0.0,0.0,52.0
02-03,32,0,Man United,-4.0,-1.0,0.0,4.0,0.0,1.0,5.0,12.0,1.0,9.0,4.0,10.0,17.0,15.0,3.0,1.0,1.0,0.0,52.0
02-03,33,1,Fulham,2.0,1.0,2.0,0.0,1.0,0.0,17.0,11.0,11.0,7.0,5.0,6.0,9.0,17.0,1.0,2.0,0.0,0.0,55.0
02-03,34,0,Everton,1.0,1.0,2.0,1.0,1.0,0.0,8.0,9.0,2.0,4.0,3.0,4.0,18.0,15.0,3.0,4.0,0.0,2.0,58.0
02-03,35,1,Charlton,1.0,0.0,2.0,1.0,0.0,0.0,20.0,5.0,10.0,5.0,8.0,9.0,4.0,14.0,0.0,1.0,0.0,0.0,61.0
02-03,36,0,West Brom,6.0,1.0,6.0,0.0,1.0,0.0,18.0,9.0,14.0,5.0,3.0,4.0,6.0,12.0,1.0,1.0,0.0,0.0,64.0
02-03,37,1,Man City,-1.0,0.0,1.0,2.0,0.0,0.0,8.0,6.0,6.0,3.0,8.0,4.0,9.0,17.0,2.0,2.0,0.0,0.0,64.0
02-03,38,0,Chelsea,-1.0,-1.0,1.0,2.0,1.0,2.0,5.0,13.0,3.0,6.0,3.0,4.0,13.0,17.0,1.0,3.0,1.0,0.0,64.0
01-02,1,1,West Ham,1.0,0.0,2.0,1.0,1.0,1.0,9.0,3.0,6.0,3.0,5.0,3.0,13.0,12.0,1.0,5.0,0.0,0.0,3.0
01-02,2,0,Bolton,-1.0,-1.0,1.0,2.0,0.0,1.0,18.0,11.0,7.0,4.0,6.0,4.0,11.0,13.0,2.0,2.0,0.0,0.0,3.0
01-02,3,1,Aston Villa,-2.0,-1.0,1.0,3.0,0.0,1.0,12.0,10.0,7.0,7.0,7.0,0.0,19.0,14.0,3.0,1.0,1.0,0.0,3.0
01-02,4,0,Everton,2.0,1.0,3.0,1.0,2.0,1.0,13.0,11.0,9.0,5.0,2.0,4.0,13.0,16.0,1.0,0.0,0.0,0.0,6.0
01-02,5,1,Tottenham,1.0,0.0,1.0,0.0,0.0,0.0,14.0,11.0,6.0,5.0,2.0,5.0,12.0,9.0,0.0,1.0,0.0,0.0,9.0
01-02,6,0,Newcastle,2.0,1.0,2.0,0.0,1.0,0.0,6.0,7.0,2.0,3.0,0.0,7.0,23.0,14.0,4.0,1.0,0.0,0.0,12.0
01-02,7,1,Leeds,0.0,-1.0,1.0,1.0,0.0,1.0,10.0,9.0,2.0,3.0,6.0,4.0,11.0,14.0,3.0,2.0,0.0,0.0,13.0
01-02,8,0,Leicester,3.0,3.0,4.0,1.0,3.0,0.0,12.0,8.0,6.0,3.0,6.0,6.0,13.0,11.0,2.0,1.0,0.0,0.0,16.0
01-02,9,0,Charlton,2.0,2.0,2.0,0.0,2.0,0.0,5.0,14.0,4.0,4.0,1.0,13.0,13.0,12.0,1.0,0.0,1.0,0.0,19.0
01-02,10,1,Man United,2.0,2.0,3.0,1.0,2.0,0.0,8.0,10.0,5.0,3.0,1.0,1.0,9.0,13.0,0.0,0.0,0.0,0.0,22.0
01-02,11,0,Blackburn,0.0,1.0,1.0,1.0,1.0,0.0,5.0,5.0,2.0,5.0,3.0,6.0,10.0,17.0,0.0,2.0,0.0,0.0,23.0
01-02,12,1,Sunderland,1.0,1.0,1.0,0.0,1.0,0.0,7.0,12.0,3.0,5.0,4.0,3.0,9.0,12.0,1.0,3.0,1.0,0.0,26.0
01-02,13,0,Derby,1.0,1.0,1.0,0.0,1.0,0.0,7.0,12.0,5.0,4.0,9.0,5.0,14.0,9.0,2.0,1.0,0.0,0.0,29.0
01-02,14,1,Middlesbrough,2.0,2.0,2.0,0.0,2.0,0.0,8.0,4.0,5.0,2.0,4.0,6.0,7.0,10.0,0.0,2.0,0.0,0.0,32.0
01-02,15,1,Fulham,0.0,0.0,0.0,0.0,0.0,0.0,16.0,8.0,7.0,4.0,7.0,3.0,17.0,11.0,0.0,0.0,0.0,0.0,33.0
01-02,16,0,Chelsea,-4.0,-2.0,0.0,4.0,0.0,2.0,16.0,16.0,8.0,10.0,6.0,5.0,10.0,15.0,3.0,2.0,0.0,0.0,33.0
01-02,17,1,Arsenal,-1.0,-1.0,1.0,2.0,0.0,1.0,15.0,11.0,2.0,3.0,6.0,4.0,12.0,20.0,1.0,4.0,0.0,1.0,33.0
01-02,18,0,Aston Villa,1.0,0.0,2.0,1.0,1.0,1.0,12.0,10.0,6.0,5.0,3.0,7.0,9.0,10.0,0.0,1.0,0.0,0.0,36.0
01-02,19,0,West Ham,0.0,-1.0,1.0,1.0,0.0,1.0,12.0,17.0,8.0,8.0,5.0,9.0,8.0,5.0,0.0,1.0,0.0,0.0,37.0
01-02,20,1,Bolton,0.0,0.0,1.0,1.0,0.0,0.0,15.0,7.0,5.0,6.0,4.0,8.0,8.0,15.0,1.0,4.0,0.0,0.0,38.0
01-02,21,0,Southampton,-2.0,0.0,0.0,2.0,0.0,0.0,7.0,9.0,4.0,7.0,6.0,5.0,7.0,12.0,1.0,0.0,0.0,0.0,38.0
01-02,22,0,Arsenal,0.0,0.0,1.0,1.0,0.0,0.0,5.0,11.0,2.0,4.0,1.0,3.0,16.0,15.0,1.0,1.0,0.0,0.0,39.0
01-02,23,1,Southampton,0.0,1.0,1.0,1.0,1.0,0.0,9.0,6.0,5.0,2.0,8.0,3.0,10.0,17.0,0.0,1.0,0.0,0.0,40.0
01-02,24,0,Man United,1.0,0.0,1.0,0.0,0.0,0.0,9.0,12.0,5.0,3.0,2.0,11.0,16.0,15.0,2.0,1.0,0.0,0.0,43.0
01-02,25,1,Leicester,1.0,0.0,1.0,0.0,0.0,0.0,11.0,3.0,4.0,0.0,9.0,3.0,9.0,21.0,1.0,2.0,0.0,0.0,46.0
01-02,26,0,Leeds,4.0,1.0,4.0,0.0,1.0,0.0,11.0,13.0,7.0,5.0,6.0,7.0,9.0,14.0,1.0,2.0,0.0,0.0,49.0
01-02,27,0,Ipswich,6.0,2.0,6.0,0.0,2.0,0.0,14.0,4.0,11.0,2.0,9.0,7.0,4.0,2.0,0.0,0.0,0.0,0.0,52.0
01-02,28,1,Everton,0.0,0.0,1.0,1.0,0.0,0.0,13.0,6.0,5.0,3.0,9.0,4.0,9.0,13.0,0.0,2.0,0.0,0.0,53.0
01-02,29,0,Fulham,2.0,1.0,2.0,0.0,1.0,0.0,10.0,11.0,4.0,5.0,4.0,8.0,14.0,13.0,2.0,3.0,0.0,0.0,56.0
01-02,30,1,Newcastle,3.0,1.0,3.0,0.0,1.0,0.0,23.0,11.0,11.0,2.0,5.0,6.0,8.0,13.0,0.0,0.0,0.0,0.0,59.0
01-02,31,0,Middlesbrough,1.0,1.0,2.0,1.0,1.0,0.0,8.0,15.0,7.0,5.0,3.0,7.0,12.0,10.0,2.0,0.0,0.0,0.0,62.0
01-02,32,1,Chelsea,1.0,0.0,1.0,0.0,0.0,0.0,8.0,10.0,4.0,1.0,5.0,3.0,17.0,13.0,1.0,1.0,0.0,0.0,65.0
01-02,33,1,Charlton,2.0,2.0,2.0,0.0,2.0,0.0,14.0,6.0,8.0,1.0,6.0,6.0,6.0,10.0,1.0,2.0,0.0,0.0,68.0
01-02,34,0,Sunderland,1.0,0.0,1.0,0.0,0.0,0.0,10.0,10.0,5.0,5.0,3.0,4.0,11.0,10.0,2.0,1.0,0.0,1.0,71.0
01-02,35,1,Derby,2.0,1.0,2.0,0.0,1.0,0.0,13.0,4.0,5.0,1.0,9.0,4.0,8.0,16.0,0.0,3.0,0.0,0.0,74.0
01-02,36,0,Tottenham,-1.0,-1.0,0.0,1.0,0.0,1.0,11.0,11.0,7.0,5.0,8.0,3.0,11.0,9.0,1.0,1.0,0.0,0.0,74.0
01-02,37,1,Blackburn,1.0,1.0,4.0,3.0,2.0,1.0,15.0,9.0,7.0,7.0,8.0,7.0,9.0,12.0,1.0,1.0,0.0,0.0,77.0
01-02,38,1,Ipswich,5.0,2.0,5.0,0.0,2.0,0.0,15.0,7.0,8.0,2.0,0.0,7.0,13.0,5.0,0.0,0.0,0.0,0.0,80.0
00-01,1,1,Bradford,1.0,0.0,1.0,0.0,0.0,0.0,16.0,3.0,10.0,2.0,6.0,1.0,8.0,8.0,1.0,1.0,0.0,0.0,3.0
00-01,2,0,Arsenal,-2.0,-1.0,0.0,2.0,0.0,1.0,7.0,17.0,4.0,12.0,11.0,10.0,20.0,25.0,4.0,2.0,2.0,1.0,3.0
00-01,3,0,Southampton,0.0,1.0,3.0,3.0,1.0,0.0,9.0,14.0,4.0,7.0,1.0,7.0,6.0,7.0,0.0,0.0,0.0,0.0,4.0
00-01,4,1,Aston Villa,2.0,3.0,3.0,1.0,3.0,0.0,11.0,9.0,7.0,4.0,8.0,7.0,13.0,7.0,0.0,2.0,0.0,0.0,7.0
00-01,5,1,Man City,1.0,1.0,3.0,2.0,1.0,0.0,14.0,9.0,8.0,7.0,9.0,4.0,17.0,17.0,3.0,4.0,0.0,0.0,10.0
00-01,6,0,West Ham,0.0,1.0,1.0,1.0,1.0,0.0,7.0,15.0,2.0,4.0,0.0,9.0,13.0,5.0,2.0,0.0,0.0,0.0,11.0
00-01,7,1,Sunderland,0.0,0.0,1.0,1.0,1.0,1.0,11.0,8.0,6.0,3.0,12.0,3.0,14.0,18.0,2.0,2.0,0.0,0.0,12.0
00-01,8,0,Chelsea,-3.0,-2.0,0.0,3.0,0.0,2.0,10.0,11.0,2.0,5.0,1.0,3.0,14.0,14.0,1.0,1.0,0.0,0.0,12.0
00-01,9,0,Derby,4.0,1.0,4.0,0.0,1.0,0.0,16.0,6.0,11.0,0.0,3.0,4.0,13.0,18.0,1.0,1.0,0.0,0.0,15.0
00-01,10,1,Leicester,1.0,0.0,1.0,0.0,0.0,0.0,24.0,8.0,11.0,3.0,10.0,9.0,8.0,10.0,1.0,2.0,0.0,0.0,18.0
00-01,11,1,Everton,2.0,0.0,3.0,1.0,1.0,1.0,10.0,9.0,8.0,7.0,9.0,6.0,10.0,10.0,0.0,1.0,0.0,1.0,21.0
00-01,12,0,Leeds,-1.0,1.0,3.0,4.0,2.0,1.0,14.0,10.0,8.0,7.0,7.0,7.0,18.0,18.0,4.0,1.0,0.0,0.0,21.0
00-01,13,1,Coventry,3.0,1.0,4.0,1.0,1.0,0.0,19.0,10.0,13.0,5.0,7.0,1.0,10.0,12.0,1.0,0.0,0.0,0.0,24.0
00-01,14,0,Tottenham,-1.0,-1.0,1.0,2.0,1.0,2.0,9.0,6.0,4.0,4.0,5.0,6.0,13.0,11.0,2.0,1.0,0.0,0.0,24.0
00-01,15,0,Newcastle,-1.0,-1.0,1.0,2.0,0.0,1.0,13.0,9.0,9.0,6.0,11.0,5.0,15.0,17.0,2.0,3.0,0.0,0.0,24.0
00-01,16,1,Charlton,3.0,1.0,3.0,0.0,1.0,0.0,13.0,7.0,3.0,2.0,6.0,5.0,10.0,9.0,1.0,1.0,0.0,0.0,27.0
00-01,17,1,Ipswich,-1.0,-1.0,0.0,1.0,0.0,1.0,14.0,11.0,5.0,6.0,8.0,5.0,12.0,14.0,1.0,3.0,0.0,0.0,27.0
00-01,18,0,Man United,1.0,1.0,1.0,0.0,1.0,0.0,9.0,6.0,4.0,4.0,2.0,9.0,11.0,10.0,0.0,1.0,0.0,1.0,30.0
00-01,19,1,Arsenal,4.0,1.0,4.0,0.0,1.0,0.0,12.0,12.0,6.0,6.0,6.0,3.0,18.0,14.0,2.0,0.0,0.0,0.0,33.0
00-01,20,0,Middlesbrough,-1.0,-1.0,0.0,1.0,0.0,1.0,11.0,7.0,5.0,2.0,6.0,2.0,9.0,7.0,2.0,2.0,0.0,0.0,33.0
00-01,21,1,Southampton,1.0,0.0,2.0,1.0,1.0,1.0,16.0,7.0,8.0,3.0,15.0,2.0,8.0,5.0,0.0,1.0,0.0,0.0,36.0
00-01,22,0,Aston Villa,3.0,2.0,3.0,0.0,2.0,0.0,12.0,5.0,6.0,1.0,4.0,1.0,10.0,7.0,0.0,2.0,0.0,0.0,39.0
00-01,23,1,Middlesbrough,0.0,0.0,0.0,0.0,0.0,0.0,22.0,4.0,7.0,2.0,7.0,3.0,9.0,10.0,1.0,1.0,0.0,0.0,40.0
00-01,24,0,Man City,0.0,1.0,1.0,1.0,1.0,0.0,16.0,4.0,3.0,2.0,11.0,5.0,13.0,17.0,1.0,1.0,0.0,0.0,41.0
00-01,25,1,West Ham,3.0,2.0,3.0,0.0,2.0,0.0,14.0,8.0,10.0,3.0,5.0,3.0,9.0,6.0,0.0,1.0,0.0,1.0,44.0
00-01,26,0,Sunderland,0.0,0.0,1.0,1.0,0.0,0.0,8.0,9.0,4.0,6.0,6.0,9.0,25.0,15.0,3.0,5.0,0.0,0.0,45.0
00-01,27,0,Leicester,-2.0,0.0,0.0,2.0,0.0,0.0,8.0,9.0,3.0,7.0,7.0,4.0,7.0,9.0,1.0,1.0,0.0,0.0,45.0
00-01,28,1,Derby,0.0,-1.0,1.0,1.0,0.0,1.0,18.0,7.0,8.0,4.0,9.0,3.0,11.0,9.0,2.0,2.0,0.0,0.0,46.0
00-01,29,1,Man United,2.0,2.0,2.0,0.0,2.0,0.0,15.0,9.0,6.0,3.0,6.0,4.0,8.0,8.0,1.0,1.0,1.0,0.0,49.0
00-01,30,0,Ipswich,0.0,0.0,1.0,1.0,0.0,0.0,7.0,8.0,2.0,5.0,1.0,6.0,15.0,10.0,0.0,0.0,0.0,0.0,50.0
00-01,31,1,Leeds,-1.0,-2.0,1.0,2.0,0.0,2.0,11.0,9.0,5.0,3.0,8.0,2.0,19.0,16.0,3.0,1.0,1.0,0.0,50.0
00-01,32,0,Everton,1.0,0.0,3.0,2.0,1.0,1.0,10.0,10.0,6.0,7.0,5.0,2.0,15.0,19.0,2.0,4.0,0.0,1.0,53.0
00-01,33,1,Tottenham,2.0,0.0,3.0,1.0,1.0,1.0,14.0,7.0,8.0,5.0,6.0,4.0,10.0,13.0,1.0,1.0,0.0,0.0,56.0
00-01,34,0,Coventry,2.0,0.0,2.0,0.0,0.0,0.0,13.0,11.0,6.0,4.0,7.0,7.0,11.0,15.0,1.0,3.0,0.0,0.0,59.0
00-01,35,0,Bradford,2.0,0.0,2.0,0.0,0.0,0.0,11.0,15.0,10.0,4.0,0.0,7.0,13.0,11.0,2.0,0.0,0.0,0.0,62.0
00-01,36,1,Newcastle,3.0,1.0,3.0,0.0,1.0,0.0,12.0,6.0,5.0,3.0,2.0,3.0,11.0,10.0,0.0,2.0,0.0,0.0,65.0
00-01,37,1,Chelsea,0.0,0.0,2.0,2.0,1.0,1.0,16.0,14.0,8.0,7.0,6.0,6.0,14.0,21.0,1.0,4.0,0.0,0.0,66.0
00-01,38,0,Charlton,4.0,0.0,4.0,0.0,0.0,0.0,16.0,12.0,14.0,10.0,10.0,10.0,13.0,7.0,1.0,1.0,0.0,0.0,69.0
